"id_photo","photo_imode","photo_web","photo_web2","photo_web3","photo_web4","photo_web_petit","vignette_carree"
"792","photos/20082406-modefolle.jpg","photos/20082406-modefolle_grand.jpg",,,,"photos/20082406-modefolle_petit.jpg",NULL
"793","photos/20082406-vintage.jpg","photos/20082406-vintage_grand.jpg","photos/20082406-vintage1_grand.jpg","photos/20082406-vintage2_grand.jpg","photos/20082406-vintage3_grand.jpg","photos/20082406-vintage_petit.jpg",NULL
"794","photos/20082506-jalousienet.jpg","photos/20082506-jalousienet_grand.jpg",,,,"photos/20082506-jalousienet_petit.jpg","photos/31072008-jalousienet_petit.jpg"
"796","photos/20082606-trapeze.jpg","photos/20082606-trapeze_grand.jpg",,,,"photos/20082606-trapeze_petit.jpg",NULL
"797","photos/20082706-pacha.jpg","photos/20082706-pacha_grand.jpg",,,,"photos/20082706-pacha_petit.jpg",NULL
"798","photos/20082706-femme-stress.jpg","photos/20082706-femme-stress_grand.jpg",,,,"photos/20082706-femme-stress_petit.jpg",NULL
"799","photos/20082806-cosmeto-men.jpg","photos/20082806-cosmeto-men_grand.jpg",,,,"photos/20082806-cosmeto-men_petit.jpg",NULL
"800","photos/20082906-carottes.jpg","photos/20082906-carottes_grand.jpg",,,,"photos/20082906-carottes_petit.jpg",NULL
"801","photos/20083006-licithine.jpg","photos/20083006-licithine_grand.jpg",,,,"photos/20083006-licithine_petit.jpg",NULL
"802","photos/20080107-he.jpg","photos/20080107-he_grand.jpg",,,,"photos/20080107-he_petit.jpg",NULL
"803","photos/20080107-aliments.jpg","photos/20080107-aliments_grand.jpg","photos/20080107-aliments1_grand.jpg","photos/20080107-aliments2_grand.jpg",,"photos/20080107-aliments_petit.jpg",NULL
"804","photos/20080307-valise.jpg","photos/20080307-valise_grand.jpg","photos/20080307-valise1_grand.jpg","photos/20080307-valise2_grand.jpg",,"photos/20080307-valise_petit.jpg",NULL
"805","photos/20080407-smoothie.jpg","photos/20080407-smoothie_grand.jpg","photos/20080407-smoothie1_grand.jpg",,,"photos/20080407-smoothie_petit.jpg",NULL
"806","photos/20080407-pareo.jpg","photos/20080407-pareo_grand.jpg",,,,"photos/20080407-pareo_petit.jpg",NULL
"807","photos/20080507-chapeau.jpg","photos/20080507-chapeau_grand.jpg","photos/20080507-chapeau1_grand.jpg",,,"photos/20080507-chapeau_petit.jpg",NULL
"808","photos/20080607-pharmacie.jpg","photos/20080607-pharmacie_grand.jpg",,,,"photos/20080607-pharmacie_petit.jpg",NULL
"809","photos/20080607-accrobranche.jpg","photos/20080607-accrobranche_grand.jpg","photos/20080607-accrobranche1_grand.jpg","photos/20080607-accrobranche2_grand.jpg",,"photos/20080607-accrobranche_petit.jpg",NULL
"810","photos/20080707-courscuisine.jpg","photos/20080707-courscuisine_grand.jpg","photos/20080707-courscuisine1_grand.jpg","photos/20080707-courscuisine2_grand.jpg","photos/20080707-courscuisine3_grand.jpg","photos/20080707-courscuisine_petit.jpg",NULL
"811","photos/20080807-cheveux.jpg","photos/20080807-cheveux_grand.jpg",,,,"photos/20080807-cheveux_petit.jpg",NULL
"812","photos/20080707-retraite.jpg","photos/20080707-retraite_grand.jpg",,,,"photos/20080707-retraite_petit.jpg",NULL
"813","photos/20080807-relookingbeautejpg","photos/20080807-relookingbeaute_grand.jpg","photos/20080807-relookingbeaute1_grand.jpg","photos/20080807-relookingbeaute2_grand.jpg",,"photos/20080807-relookingbeaute_petit.jpg",NULL
"814","photos/20080907-makeup.jpg","photos/20080907-makeup_grand.jpg","photos/20080907-makeup2_grand.jpg","photos/20080907-makeup1_grand.jpg",,"photos/20080907-makeup_petit.jpg",NULL
"815","photos/20080907-lumiere.jpg","photos/20080907-lumiere_grand.jpg",,,,"photos/20080907-lumiere_petit.jpg",NULL
"816","photos/20080907-artiste.jpg","photos/20080907-artiste_grand.jpg",,,,"photos/20080907-artiste_petit.jpg",NULL
"817","photos/20081007-sakina.jpg","photos/20081007-sakina_grand.jpg","photos/20081007-sakina1_grand.jpg","photos/20081007-sakina2_grand.jpg","photos/20081007-sakina3_grand.jpg","photos/20081007-sakina_petit.jpg",NULL
"818","photos/20081007-glossup.jpg","photos/20081007-glossup_grand.jpg",,,,"photos/20081007-glossup_petit.jpg",NULL
"819","photos/20081107-huileargan.jpg","photos/20081107-huileargan_grand.jpg",,,,"photos/20081107-huileargan_petit.jpg","photos/20081107-huileargan_cons.jpg"
"820","photos/20081207-salon.jpg","photos/20081207-salon_grand.jpg",,,,"photos/20081207-salon_petit.jpg",NULL
"821","photos/20081307-femme-seule.jpg","photos/20081307-femme-seule_grans.jpg",,,,"photos/20081307-femme-seule_petit.jpg",NULL
"822","photos/20081407-beaute.jpg","photos/20081407-beaute_grand.jpg",,,,"photos/20081407-beaute_petit.jpg",NULL
"823","photos/20081407-enceinte.jpg","photos/20081407-enceinte_grand.jpg",,,,"photos/20081407-enceinte_petit.jpg",NULL
"824","photos/20081407-colere.jpg","photos/20081407-colere_grand.jpg",,,,"photos/20081407-colere_petit.jpg",NULL
"825","photos/yoga.jpg","photos/20071502-antistress_grand.jpg",,,,"photos/20081607-beaute_petit.jpg","photos/20071502-antistress_petit.jpg"
"826","photos/20082007-maillot.jpg","photos/20082007-maillot_grand.jpg","photos/20082007-maillot1_grand.jpg","photos/20082007-maillot2_grand.jpg","photos/20082007-maillot3_grand.jpg","photos/20082007-maillot_petit.jpg",NULL
"827","photos/20081607-clubbing.jpg","photos/20081607-clubbing_grand.jpg","photos/20081607-clubbing1_grand.jpg",,,"photos/20081807-clubbeuse_petit.jpg",NULL
"828","photos/20081907-brushing.jpg","photos/20081907-brushing_grand.jpg",,,,"photos/20081907-brushing_petit.jpg",NULL
"829","photos/20082008-gucci.jpg","photos/20082008-gucci_grand.jpg",,,,"photos/20082008-gucci_petit.jpg",NULL
"830","photos/20082307-ayurveda.jpg","photos/20082307-ayurveda_grand.jpg",,,,"photos/20082307-ayurveda_petit.jpg",NULL
"831","photos/20082407-couleursmakeup.jpg","photos/20082407-couleursmakeup_grand.jpg",,,,"photos/20082407-couleursmakeup_petit.jpg",NULL
"832","photos/20082507-picnic.jpg","photos/20082507-picnic_grand.jpg",,,,"photos/20082507-picnic_petit.jpg",NULL
"833","photos/20082607-packagefruits.jpg","photos/20082607-packagefruits_grand.jpg",,,,"photos/20082607-packagefruits_petit.jpg",NULL
"834","photos/20082707-beaute.jpg","photos/20082707-beaute_grand.jpg","photos/20082707-beaute1_grand.jpg",,,"photos/20082707-beaute_petit.jpg",NULL
"835","photos/20082707-nivea.jpg","photos/20082707-nivea_grand.jpg",,,,"photos/20082707-nivea_petit.jpg",NULL
"836","photos/20082707-jude-law.jpg","photos/20082707-jude-law_grand.jpg",,,,"photos/20082707-jude-law_petit.jpg",NULL
"837","photos/20082807-aloevera.jpg","photos/20082807-aloevera_grand.jpg",,,,"photos/20082807-aloevera_petit.jpg",NULL
"838","photos/20082907-gastro.jpg","photos/20082907-gastro_grand.jpg",,,,"photos/20082907-gastro_petit.jpg",NULL
"839","photos/20083007-tendances.jpg","photos/20083007-tendances_grand.jpg",,,,"photos/20083007-tendances_petiti.jpg",NULL
"840","photos/20083107-coupdecoeur.jpg","photos/20083107-coupdecoeur_grand.jpg",,,,"photos/20083107-coupdecoeur_petit.jpg",NULL
"841","photos/20083107-coupdesoleil.jpg","photos/20083107-coupdesoleil_grand.jpg",,,,"photos/20091504-coupdesoleil_petit.jpg","photos/2008-soleil_petit.jpg"
"842","photos/20080308-bijouxtendances.jpg","photos/20080308-bijouxtendances_grand.jpg",,,,"photos/20080308-bijouxtendances_petit.jpg",NULL
"843","photos/20080508-beautebio.jpg","photos/20080508-beautebio_grand.jpg",,,,"photos/20080508-beautebio_petit.jpg",NULL
"844","photos/20080508-cuisineaphro.jpg","photos/20080508-cuisineaphro_grand.jpg",,,,"photos/20080508-cuisineaphro_petit.jpg",NULL
"845","photos/20080508-sexybeach.jpg","photos/20080508-sexybeach-1_grand.jpg",,,,"photos/20080508-sexybeach_petit.jpg",NULL
"846",,"photos/30-5_grand.jpg",,,,,NULL
"2647",,"photos/30-6_grand.jpg",NULL,NULL,NULL,,NULL
"847","photos/20080508-sexetmusique.jpg","photos/20080508-sexetmusique_grand.jpg",,,,"photos/20080508-sexetmusique_petit.jpg",NULL
"848","photos/20080508-bienfaitsdusexe.jpg","photos/20080508-bienfaitsdusexe_grand.jpg",,,,"photos/20080508-bienfaitsdusexe_petit.jpg",NULL
"849","photos/20080508-parfum.jpg","photos/20080508-parfum_grand.jpg",,,,"photos/20080508-parfum_petit.jpg",NULL
"850","photos/20080508-sexyvacances.jpg","photos/20080508-sexyvacances_grand.jpg",,,,"photos/20080508-sexyvacances_petit.jpg",NULL
"851","photos/20081208-sexbomb.jpg","photos/20081208-sexbomb_grand.jpg",,,,"photos/20081208-sexbomb_petit.jpg",NULL
"852","photos/20071604-teenagers.jpg","photos/20071604-teenagers_grand.jpg",,,,"photos/20081308-teenagers_petit.jpg","photos/20071604-teenagers_petit.jpg"
"853","photos/20081408-fellation.jpg","photos/20081408-fellation_grand.jpg",,,,"photos/20081408-fellation_petit.jpg",NULL
"854","photos/20081708-echangisme.jpg","photos/20081708-echangisme_grand.jpg",,,,"photos/20081708-echangisme_petit.jpg",NULL
"855","photos/20081908-essence.jpg","photos/20081908-essence_grand.jpg",,,,"photos/20081908-essence_petit.jpg",NULL
"856","photos/20082008-evasion.jpg","photos/20082008-evasion_grand.jpg",,,,"photos/20082008-evasion_petit.jpg",NULL
"857","photos/20082108-postsoleil.jpg","photos/20082108-postsoleil_grand.jpg",,,,"photos/20082108-postsoleil_petit.jpg",NULL
"858","photos/20082208-extremes.jpg","photos/20082208-extremes_grand.jpg","photos/20082208-extremes1_grand.jpg","photos/20082208-extremes2_grand.jpg",,"photos/20082208-extremes_petit.jpg",NULL
"859","photos/20081212-bonnets.jpg","photos/20081212-bonnets_grand.jpg","hotos/20081212-bonnets1_grand.jpg",,,"photos/20081212-bonnets_petit.jpg",NULL
"860","photos/20082208-salade.jpg","photos/20082208-salade_grand.jpg",,,,"photos/20082208-salade_petit.jpg","photos/20071604-protefruits_petit.jpg"
"861","photos/20082208-beaute.jpg","photos/20082208-beaute_grand.jpg",,,,"photos/20082208-beaute_petit.jpg",NULL
"862","photos/20082308-extremes.jpg","photos/20082308-extremes_grand.jpg","photos/20082308-extremes1_grand.jpg","photos/20082308-extremes2_grand.jpg",,"photos/20082308-extremes_petit.jpg",NULL
"863","photos/20070407-chrononutrition.jpg","photos/20070407-chrononutrition3_grand.jpg",,,,"photos/20082407-regimedukan_petit.jpg",NULL
"864","photos/20082508-lunettes.jpg","photos/20082508-lunettes_grand.jpg","photos/20082508-lunettes1_grand.jpg","photos/20082508-lunettes2_grand.jpg",,"photos/20082508-lunettes_petit.jpg",NULL
"865","photos/20082508-matchmode.jpg","photos/20082508-matchmode_grand.jpg",,,,"photos/20082508-matchmode_petit.jpg",NULL
"866","photos/20082108-lesmills.jpg","photos/20082108-lesmills_grand.jpg","photos/20082108-lesmills1_grand.jpg","photos/20082108-lesmills3_grand.jpg",,"photos/20082108-lesmills_petit.jpg",NULL
"867","photos/20082708-sexsite.jpg","photos/20082708-sexsite_grand.jpg",,,,"photos/20082708-sexsite_petit.jpg",NULL
"868","photos/20082708-ciregloss.jpg","photos/20082708-ciregloss_grand.jpg",,,,"photos/20082708-ciregloss_petit.jpg",NULL
"869","photos/20082808-coupsdecoeur.jpg","photos/20082808-coupsdecoeur_grand.jpg","photos/20082808-coupsdecoeur1_grand.jpg",,,"photos/20082808-coupsdecoeur_petit.jpg",NULL
"870",,"photos/30-3_grand.jpg",,,,,NULL
"2648",,"photos/30-7_grand.jpg",NULL,NULL,NULL,,NULL
"871","photos/20072406-couplemalheureux.jpg","photos/20072406-couplemalheureux_grand.jpg",,,,,"photos/20072406-couplemalheureux_petit.jpg"
"872","photos/20080109-soinsnews.jpg","photos/20080109-soinsnews_grand.jpg","photos/20080109-soinsnews1_grand.jpg",,,"photos/20080109-soinsnews_petit.jpg",NULL
"873","photos/20080209-noblues.jpg","photos/20080209-noblues_grand.jpg","photos/20080209-noblues1_grand.jpg","photos/20080209-noblues2_grand.jpg","photos/20080209-noblues3_grand.jpg","photos/20080209-noblues_petit.jpg",NULL
"874","photos/20080209-phytoecolo.jpg","photos/20080209-phytoecolo_grand.jpg",,,,"photos/20080209-phytoecolo_petit.jpg",NULL
"875","photos/20080309-kookai.jpg","photos/20080309-kookai_grand.jpg",,,,"photos/20080309-kookai_petit.jpg",NULL
"876","photos/20080309-soins.jpg","photos/20080309-soins_grand.jpg","photos/20080309-soins1_grand.jpg","photos/20080309-soins2_grand.jpg",,"photos/20080309-soins_petit.jpg",NULL
"877","photos/20080509-eclair.jpg","photos/20080509-eclair_grand.jpg",,,,"photos/20080509-eclair_petit.jpg",NULL
"878","photos/20080709-whosnext.jpg","photos/20080709-whosnext_grand.jpg","photos/20080709-whosnext1_grand.jpg","photos/20080709-whosnext2_grand.jpg",,"photos/20080709-whosnext_petit.jpg",NULL
"879","photos/20080809-ramadan.jpg","photos/20080809-ramadan_grand.jpg",,,,"photos/20080809-ramadan_petit.jpg",NULL
"880","photos/20080809-cuisine_grand.jpg","photos/20080809-cuisine_grand.jpg",,,,"photos/20080809-cuisine_petit.jpg",NULL
"881","photos/20081009-newsmode.jpg","photos/20081009-newsmode_grand.jpg",,,,"photos/20081009-newsmode_petit.jpg",NULL
"920","photos/20080910-tecktonik.jpg","photos/20080910-tecktonik_grand.jpg",,,,"photos/20080910-tecktonik_petit.jpg",NULL
"882","photos/20081109-rompre.jpg","photos/20081109-rompre_grand.jpg",,,,"photos/20081109-rompre_petit.jpg",NULL
"883","photos/20081209-dressing.jpg","photos/20081209-dressing_grand.jpg",,,,"photos/20081209-dressing_petit.jpg",NULL
"884","photos/20081509-charlotte.jpg","photos/20081509-charlotte_grand.jpg",,,,"photos/20081509-charlotte_petit.jpg",NULL
"885","photos/20081509-nocibe.jpg","photos/20081509-nocibe_grand.jpg",,,,"photos/20081509-nocibe_petit.jpg",NULL
"886","photos/20081509-boutcarre.jpg","photos/20081509-boutcarre-grand.jpg",,,,"photos/20081509-boutcarre-petit.jpg",NULL
"887","photos/20081609-coursecancer.jpg","photos/20081609-coursecancer_grand.jpg",,,,"photos/20081609-coursecancer_petit.jpg",NULL
"888","photos/20081709-herpes.jpg","photos/20081709-herpes_grand.jpg","photos/20081709-herpes1_grand.jpg",,,"photos/20081709-herpes_petit.jpg",NULL
"889","photos/20081809-gas.jpg","photos/20081809-gas_grand.jpg",,,,"photos/20081809-gas_petit.jpg","photos/20081809-gas_cons.jpg"
"890","photos/20081809-ellastone.jpg","photos/20081809-ellastone_grand.jpg",,,,"photos/20081809-ellastone_petit.jpg",NULL
"891","photos/20082008-femmelit.jpg","photos/20082008-femmelit_grand.jpg",,,,"photos/20082008-femmelit_petit.jpg",NULL
"892","photos/20082009-panierbio.jpg","photos/20082009-panierbio_grand.jpg",,,,"photos/20082009-panierbio_petit.jpg",NULL
"893","photos/20082109-norabeaute.jpg","photos/20082109-norabeaute_grand.jpg",,,,"photos/20082109-norabeaute_petit.jpg",NULL
"894","photos/20082109-noramode.jpg","photos/20082109-noramode_grand.jpg",,,,"photos/20082109-noramode_petit.jpg",NULL
"895","photos/20081706-snakeshoe.jpg","photos/20081706-snakeshoe_grand.jpg",,,,"photos/20081706-snakeshoe_petit.jpg",NULL
"896","photos/20082109-mode.jpg","photos/20082109-mode_grand.jpg",,,,"photos/20082109-mode_petit.jpg",NULL
"897","photos/20082509-sacs.jpg","photos/20082509-sacs_grand.jpg",,,,"photos/20082509-sacs_petit.jpg",NULL
"898","photos/20082609-jouirmarcher.jpg","photos/20082609-jouirmarcher_grand.jpg",,,,"photos/20082609-jouirmarcher_petit.jpg",NULL
"899","photos/20082709-dejeune.jpg","photos/20082709-dejeune_grand.jpg",,,,"photos/20082709-dejeune_petit.jpg",NULL
"900","photos/20082809-gola.jpg","photos/20082809-gola_grand.jpg",,,,"photos/20082809-gola_petit.jpg",NULL
"901","photos/20082909-cosmetiques.jpg","photos/20082909-cosmetiques_grand.jpg",,,,"photos/20082909-cosmetiques_petit.jpg",NULL
"902","photos/20082909-defile.jpg","photos/20082909-defile_grand.jpg",,,,"photos/20082909-defile_petit.jpg",NULL
"903","photos/20082909-converse.jpg","photos/20082909-converse_grand.jpg",,,,"photos/20082909-converse_petit.jpg",NULL
"904","photos/20082909-cohousing.jpg","photos/20082909-cohousing_grand.jpg",,,,"photos/20082909-cohousing_petit.jpg",NULL
"905","photos/20082909-fiestalove.jpg","photos/20082909-fiestalove_grand.jpg",,,,"photos/20082909-fiestalove_petit.jpg",NULL
"906","photos/20080210-couleurs.jpg","photos/20080210-couleurs_grand.jpg",,,,"photos/20080210-couleurs1_petit.jpg",NULL
"907","photos/20080210-robenoire.jpg","photos/20080210-robenoire_grand.jpg",,,,"photos/20080210-robenoire_petit.jpg",NULL
"908","photos/20080310-catwalk.jpg","photos/20080310-catwalk_grand.jpg",,,,"photos/20080310-catwalk_petit.jpg",NULL
"909","photos/20080310-cflogo.jpg","photos/20080310-cflogo_grand.jpg","photos/20080310-cf1_grand.jpg",,,"photos/20080310-cflogo_petit.jpg",NULL
"910","photos/20080410-deprime.jpg","photos/20080410-deprime_grand.jpg",,,,"photos/20080410-deprime_petit.jpg","photos/20093003-deprime_petit.jpg"
"911","photos/20080610-glam.jpg","photos/20080610-glamdejantee_grand.jpg",,,,"photos/20080610-glam_petit.jpg",NULL
"912","photos/20080510-bouche.jpg","photos/20080510-bouche_grand.jpg",,,,"photos/20080510-bouche_petit.jpg",NULL
"913","photos/20080710-lunettes.jpg","photos/20080710-lunettes_grand.jpg",,,,"photos/20080710-lunettes_petit.jpg",NULL
"914","photos/20080710-epilation.jpg","photos/20080710-epilation_grand.jpg",,,,"photos/20080710-epilation_petit.jpg",NULL
"915","photos/20080710-soutif.jpg","photos/20080710-soutif_grand.jpg",,,,"photos/20080710-soutif_petit.jpg",NULL
"916","photos/20080810-danseclassique.jpg","photos/20080810-danseclassique_grand.jpg",,,,"photos/20080810-danseclassique_petit.jpg",NULL
"917","photos/20080310-lush.jpg","photos/20080310-lush_grand.jpg",,,,"photos/20080310-lush_petit.jpg",NULL
"918","photos/20080810-vidal.jpg","photos/20080810-vidal_grand.jpg",,,,"photos/20080810-vidal_petit.jpg",NULL
"919","photos/20071902-poitrine.jpg","photos/20071902-poitrine_grand.jpg",,,,"photos/20080910-poitrine_petit.jpg","photos/20071902-poitrine_petit.jpg"
"921","photos/20080910-chant.jpg","photos/20080910-chant_grand.jpg",,,,"photos/20080910-chant_petit.jpg",NULL
"922","photos/20081308-soie.jpg","photos/20081308-soie_grand.jpg","photos/20081308-soie-1_grand.jpg",,,"photos/20081308-soie_petit.jpg",NULL
"923","photos/20081308-safari.jpg","photos/20081308-safari_grand.jpg",,,,"photos/20081308-safari_petit.jpg",NULL
"924","photos/200812010-coiffure.jpg","photos/200812010-coiffure_grand.jpg",,,,"photos/20081310-cheveux_petit.jpg",NULL
"925","photos/20081010-betrousse.jpg","photos/20091010-betrousse_grand.jpg",,,,"photos/20081010-betrousse_petit.jpg",NULL
"926","photos/20081309-lingerie.jpg","photos/20081309-lingerie_grand.jpg",,,,"photos/20081309-lingerie_petit.jpg",NULL
"927","photos/20081410-antioxydants.jpg","photos/20081410-antioxydants_grand.jpg",,,,"photos/20081410-antioxydants_petit.jpg",NULL
"928","photos/20081510-restylane.jpg","photos/20081510-restylane_grand.jpg",,,,"photos/20081510-restylane_petit.jpg",NULL
"930","photos/20081610-homeskinlab.jpg","photos/20081610-homeskinlab_grand.jpg","photos/20081610-homeskinlab1_grand.jpg",,,"photos/20081610-homeskinlab_petit.jpg",NULL
"931","photos/20081910-makeupschool.jpg","photos/20081910-makeupschool_grand.jpg",,,,"photos/20081910-makeupschool_petit.jpg",NULL
"932","photos/20082010-frangesfourrure.jpg","photos/20082010-frangesfourrure_grand.jpg",,,,"photos/20082010-frangesfourrure_petit.jpg",NULL
"933","photos/20081310-msr.jpg","photos/20081310-msr_grand.jpg",,,,"photos/20081310-msr_petit.jpg",NULL
"934","photos/20082010-acne.jpg","photos/20082010-acne_grand.jpg",,,,"photos/20082010-acne_petit.jpg","photos/20090201-acne_petit.jpg"
"935","photos/20082110-beaute.jpg","photos/20082110-beaute_grand.jpg","photos/20082110-beaute1_grand.jpg","photos/20082110-beaute2_grand.jpg",,"photos/20082110-beaute_petit.jpg",NULL
"936","photos/20082110-pauljoe.jpg","photos/20082110-pauljoe_grand.jpg",,,,"photos/20082110-pauljoe_petit.jpg",NULL
"937",,"photos/32-1_grand.jpg",,,,,NULL
"2654",,"photos/32-2_grand.jpg",NULL,NULL,NULL,,NULL
"938","photos/20081610-sextoys.jpg","photos/20081610-sextoys_grand.jpg",,,,"photos/20081610-sextoys_petit.jpg",NULL
"939","photos/20082310-philo.jpg","photos/20082310-philo_grand.jpg",,,,"photos/20082310-philo_petit.jpg",NULL
"940","photos/20082310-temoignage.jpg","photos/20082310-temoignage_grand.jpg",,,,"photos/20082310-temoignage_petit.jpg",NULL
"941","photos/20082310-clarins.jpg","photos/20082310-clarins_grand.jpg",,,,"photos/20082310-clarins_petit.jpg",NULL
"942","photos/20082310-salon.jpg","photos/20082310-salon1_grand.jpg","photos/20082310-salon_grand.jpg",,,"photos/20082310-salon_petit.jpg",NULL
"943","photos/20082310-makeupforever.jpg","photos/20082310-makeupforever_grand.jpg",,,,"photos/20082310-makeupforever_petit.jpg",NULL
"944","photos/20082510-venteetam.jpg","photos/20082510-venteetam_grand.jpg","photos/20082510-venteetam1_grand.jpg",,,"photos/20082510-venteetam_petit.jpg",NULL
"945","photos/20082710-enceinte.jpg","photos/20082710-enceinte_grand.jpg",,,,"photos/20082710-enceinte_petit.jpg",NULL
"946","photos/20082610-rire.jpg","photos/20082610-rire_grand.jpg","photos/20082610-rire1_grand.jpg",,,"photos/20082610-rire_petit.jpg",NULL
"947","photos/20082810-beautemonde.jpg","photos/20082810-beautemonde_grand.jpg",,,,"photos/20082810-beautemonde_petit.jpg",NULL
"948","photos/20083110-coeur.jpg","photos/20083110-coeur_grand.jpg","photos/20083110-coeur1_grand.jpg",,,"photos/20083110-coeur_petit.jpg",NULL
"949","photos/20083110-nike.jpg","photos/20083110-nike_grand.jpg","photos/20083110-nike1_grand.jpg","photos/20083110-nike2_grand.jpg","photos/20083110-nike3_grand.jpg","photos/20083110-nike_petit.jpg",NULL
"950","photos/20080211-kaki.jpg","photos/20080211-kaki_grand.jpg",,,,"photos/20080211-kaki_petit.jpg",NULL
"951","photos/20083010-promo1969.jpg","photos/20083010-promo1969_grand.jpg","photos/20083010-promo1969b_grand.jpg","photos/20083010-promo1969b1_grand.jpg","photos/20083010-promo1969b2_grand.jpg","photos/20083010-promo1969_petit.jpg",NULL
"952","photos/epilationjambes.jpg","photos/20080311-epilation_grand.jpg",,,,"photos/20080311-epilation_petit.jpg",NULL
"953","photos/20080311-produits.jpg","photos/20080311-produits_grand.jpg",,,,"photos/20080311-produits_petit.jpg",NULL
"954","photos/20080311-bio.jpg","photos/20080311-bio_grand.jpg",,,,"photos/20080311-bio_petit.jpg",NULL
"955","photos/20080411-match.jpg","photos/20080411-match_grand.jpg",,,,"photos/20080411-match_petit.jpg",NULL
"956","photos/20080411-chicdr.jpg","photos/20080411-chicdr_grand.jpg","photos/20080411-chicdr1_grand.jpg","photos/20080411-chicdr2_grand.jpg",,"photos/20080411-chicdr_petit.jpg",NULL
"957","photos/20080511-task.jpg","photos/20080511-task_grand.jpg",,,,"photos/20080511-task_petit.jpg",NULL
"958","photos/20080511-sport.jpg","photos/20080511-sport_grand.jpg",,,,"photos/20080511-sport_petit.jpg",NULL
"959","photos/20080611-cheveux.jpg","photos/20080611-cheveux_grand.jpg",,,,"photos/20080611-cheveux_petit.jpg",NULL
"960","photos/20080611-agathe.jpg","photos/20080611-agathe_grand.jpg",,,,"photos/20080611-agathe_petit.jpg",NULL
"961","photos/20080611-chanel.jpg","photos/20080611-chanel_grand.jpg",,,,"photos/20080611-chanel_petit.jpg",NULL
"962","photos/20080611-beaute.jpg","photos/20080611-beaute_grand.jpg",,,,"photos/20080611-beaute_petit.jpg",NULL
"963","photos/20080711-ayurveda.jpg","photos/20080711-ayurveda_grand.jpg",,,,"photos/20080711-ayurveda_petit.jpg",NULL
"964","photos/20081011-millepertuis.jpg","photos/20081011-millepertuis_grand.jpg",,,,"photos/20081011-millepertuis_petit.jpg",NULL
"965","photos/20081011-ateliersaat.jpg","photos/20081011-ateliersaat_grand.jpg",,,,"photos/20081011-ateliersaat_petit.jpg",NULL
"966","photos/20081111-suzonlena.jpg","photos/20081111-suzonlena_grand.jpg","photos/20081111-suzonlena1_grand.jpg","photos/20081111-suzonlena2_grand.jpg","photos/20081111-suzonlena3_grand.jpg","photos/20081111-suzonlena_petit.jpg",NULL
"967","photos/20081111-chicdressing.jpg","photos/20081111-chicdressing_grand.jpg",,,,"photos/20081111-chicdressing_petit.jpg",NULL
"968","photos/20081010-betrousse.jpg","photos/20081211-betrousse_grand.jpg",,,,"photos/20081211-betrousse_petit.jpg",NULL
"969","photos/20081211-taches.jpg","photos/20081211-taches_grand.jpg",,,,"photos/20081211-taches_petit.jpg",NULL
"970","photos/20081211-elays.jpg","photos/20081211-elays_grand.jpg",,,,"photos/20081211-elays_petit.jpg",NULL
"971","photos/20080411-1969boutique.jpg","photos/20080411-1969boutique_grand.jpg",,,,"photos/20080411-1969boutique_petit.jpg",NULL
"972","photos/20081311-conversations.jpg","photos/20081311-conversations_grand.jpg",,,,"photos/20081311-conversations_petit.jpg",NULL
"973","photos/20081311-accessoires.jpg","photos/20081311-accessoires_grand.jpg","photos/20081311-accessoires1_grand.jpg",,,"photos/20081311-accessoires_petit.jpg",NULL
"974","photos/20081511-mains.jpg","photos/20081511-mains_grand.jpg",,,,"photos/20081511-mains_petit.jpg",NULL
"975","photos/20081711-etiquettes.jpg","photos/20081711-etiquettes_grand.jpg",,,,"photos/20081711-etiquettes_petit.jpg",NULL
"976","photos/20081611-modehomme.jpg","photos/20081611-modehomme_grand.jpg",,,,"photos/20081611-modehomme_petit.jpg",NULL
"977","photos/20081711-jackpotsexetoy.jpg","photos/20081711-jackpotsexetoy_grand.jpg",,,,"photos/20081711-jackpotsexetoy_petit.jpg",NULL
"978","photos/20081711-gelbio.jpg","photos/20081711-gelbio_grand.jpg",,,,"photos/20081711-gelbio_petit.jpg",NULL
"979","photos/20081811-alimentation.jpg","photos/20081811-alimentation_grand.jpg",,,,"photos/20081811-alimentation_petit.jpg",NULL
"980","photos/20081711-feelingforme.jpg","photos/20081711-feelingforme_grand.jpg",,,,"photos/20081711-feelingforme_petit.jpg",NULL
"981","photos/20082111-sexyprive.jpg","photos/20082111-sexyprive_grand.jpg",,,,"photos/20082111-sexyprive_petit.jpg",NULL
"982","photos/20082111-giletfourrure.jpg","photos/20082111-giletfourrure_grand.jpg",,,,"photos/20082111-giletfourrure_petit.jpg",NULL
"983","photos/20082111-fengshui.jpg","photos/20082111-fengshui_grand.jpg",,,,"photos/20082111-fengshui_petit.jpg",NULL
"984",,"photos/bessai-28_grand.jpg",,,,"photos/bessai-28_petit.jpg",NULL
"985","photos/20082411-bensimon.jpg","photos/20082411-bensimon_grand.jpg",,,,"photos/20082411-bensimon_petit.jpg",NULL
"986","photos/20082411-sessun.jpg","photos/33-sessun_grand.jpg",,,,"photos/20082411-sessun_petit.jpg",NULL
"987","photos/20082411-argent.jpg","photos/20082411-argent_grand.jpg",,,,"photos/20082411-argent_petit.jpg",NULL
"988","photos/20082411-akb.jpg","photos/20082411-akb_grand.jpg",,,,"photos/20082411-akb_petit.jpg",NULL
"989","photos/20082511-katemoss.jpg","photos/20082511-katemoss_grand.jpg","photos/20082511-katemoss1_grand.jpg",,,"photos/20082511-katemoss_petit.jpg",NULL
"990","photos/20082611-biohiver.jpg","photos/20082611-biohiver_grand.jpg",,,,"photos/20082611-biohiver_petit.jpg",NULL
"991","photos/20082711-febea.jpg","photos/20082711-febea_grand.jpg",,,,"photos/20082711-febea_petit.jpg",NULL
"992","photos/20082711-natalia.jpg","photos/20082711-natalia_grand.jpg",,,,"photos/20082711-natalia_petit.jpg",NULL
"993","photos/20082811-parfums.jpg","photos/20082811-parfums_grand.jpg",,,,"photos/20082811-parfums_petit.jpg",NULL
"994","photos/20082811-regen.jpg","photos/20082811-regen_grand.jpg","photos/20082811-regen1_grand.jpg","photos/20082811-regen2_grand.jpg",,"photos/20082811-regen_petit.jpg",NULL
"995","photos/20082911-divonne.jpg","photos/20082911-divonne_grand.jpg","photos/20082911-divonne1_grand.jpg",,,"photos/20082911-divonne_petit.jpg",NULL
"996","photos/20082911-identik.jpg","photos/20082911-identik_grand.jpg",,,,"photos/20082911-identik_petit.jpg",NULL
"997","photos/20080112-braderiemode.jpg","photos/20080112-braderiemode_grand.jpg",,,,"photos/20080112-braderiemode_petit.jpg",NULL
"998","photos/20080112-aromazone.jpg","photos/20080112-aromazone_grand.jpg",,,,"photos/20080112-aromazone_petit.jpg",NULL
"999","photos/20080112-polar.jpg","photos/20080112-polar2_grand.jpg","photos/20080112-polar3_grand.jpg",,,"photos/20080112-polar_petit.jpg",NULL
"1000","photos/20080112-sextoys.jpg","photos/20080112-sextoys_grand.jpg","photos/20080112-sextoys1_grand.jpg",,,"photos/20080112-sextoys_petit.jpg",NULL
"1001","photos/20080212-bijoux.jpg","photos/20080212-bijoux_grand.jpg",,,,"photos/20080212-bijoux_petit.jpg",NULL
"1002","photos/20080312-gola.jpg","photos/20080312-gola_grand.jpg","photos/20080312-gola1_grand.jpg",,,"photos/20080312-gola_petit.jpg",NULL
"1003","photos/20080412-artherapie.jpg","photos/20080412-artherapie_grand.jpg",,,,"photos/20080412-artherapie_petit.jpg",NULL
"1004","photos/20080512-voyante.jpg","photos/20080512-voyante_grand.jpg",,,,"photos/20080512-voyante_petit.jpg",NULL
"1005","photos/20080612-surimi.jpg","photos/20080612-surimi_grand.jpg","photos/20080612-surimi1_grand.jpg","photos/20080612-surimi2_grand.jpg","photos/20080612-surimi3_grand.jpg","photos/20080612-surimi_petit.jpg",NULL
"1006","photos/20080612-beaute.jpg","photos/20080612-beaute_grand.jpg","photos/20080612-beaute1_grand.jpg",,,"photos/20080612-beaute_petit.jpg",NULL
"1007","photos/20080812-cadeauxbeaute.jpg","photos/20080812-cadeauxbeaute_grand.jpg",,,,"photos/20080812-cadeauxbeaute_petit.jpg",NULL
"1008","photos/20080912-ecologie.jpg","photos/20080912-ecologie_grand.jpg",,,,"photos/20080912-ecologie_petit.jpg",NULL
"1009","photos/20080912-forme.jpg","photos/20080912-forme_grand.jpg",,,,"photos/20080912-forme_petit.jpg",NULL
"1010","photos/20081012-pince.jpg","photos/20081012-pince_grand.jpg",,,,"photos/20081012-pince_petit.jpg",NULL
"1011","photos/20081012-bijouxmode.jpg","photos/20081012-bijouxmode_grand.jpg",,,,"photos/20081012-bijouxmode_petit.jpg",NULL
"1012","photos/20081112-massagenaturiste.jpg","photos/20081112-massagenaturiste_grand.jpg",,,,"photos/20081112-massagenaturiste_petit.jpg",NULL
"1013","photos/20081312-lush.jpg","photos/20081312-lush_grand.jpg",,,,"photos/20081312-lush_petit.jpg",NULL
"1014","photos/20081312-bienetre.jpg","photos/20081312-bienetre_grand.jpg",,,,"photos/20081312-bienetre_petit.jpg",NULL
"1015","photos/20081312-chaser.jpg","photos/20081312-chaser_grand.jpg",,,,"photos/20081312-chaser_petit.jpg",NULL
"1016","photos/20081112-poo.jpg","photos/20081112-poo_grand.jpg",,,,"photos/20081112-poo_petit.jpg",NULL
"1017","photos/20081512-demaquillant.jpg","photos/20081512-demaquillant_grand.jpg",,,,"photos/20081512-demaquillant_petit.jpg",NULL
"1018","photos/20081612-bouffenoel.jpg","photos/20081612-bouffenoel_grand.jpg","photos/20081612-bouffenoel1_grand.jpg","photos/20081612-bouffenoel2_grand.jpg",,"photos/20081612-bouffenoel_petit.jpg",NULL
"1019","photos/20081712-noelrepas.jpg","photos/20081712-noelrepas_grand.jpg",,,,"photos/20081712-noelrepas_petit.jpg",NULL
"1020","photos/20081812-divorce.jpg","photos/20081812-divorce_grand.jpg",,,,"photos/20081812-divorce_petit.jpg",NULL
"1021","photos/20081912-sensualmove.jpg","photos/20081912-sensualmove_grand.jpg",,,,"photos/20081912-sensualmove_petit.jpg",NULL
"1022","photos/20082112-baobab.jpg","photos/20082112-baobab_grand.jpg","photos/20082112-baobab1_grand.jpg","photos/20082112-baobab2_grand.jpg","photos/20082112-baobab3_grand.jpg","photos/20082112-baobab_petit.jpg",NULL
"1023","photos/20082212-secretsdestars.jpg","photos/20082212-secretsdestars_grand.jpg","photos/20082212-secretsdestars1_grand.jpg","photos/20082212-secretsdestars2_grand.jpg","photos/20082212-secretsdestars3_grand.jpg","photos/20082212-secretsdestars_petit.jpg",NULL
"1024","photos/20082212-rongeongles.jpg","photos/20082212-rongeongles_grand.jpg",,,,"photos/20082212-rongeongles_petit.jpg",NULL
"1025","photos/20082212-pilulehomme.jpg","photos/20082212-pilulehomme_grand.jpg",,,,"photos/20082212-pilulehomme_petit.jpg",NULL
"1026","photos/20082312-jourfetes.jpg","photos/20082312-jourfetes_grand.jpg","photos/20082312-jourfetes1_grand.jpg",,,"photos/20082312-jourfetes_petit.jpg",NULL
"1027","photos/20082512-huiles.jpg","photos/20082512-huiles_grand.jpg","photos/20082512-huiles1_grand.jpg","photos/20082512-huiles2_grand.jpg",,"photos/20082512-huiles_petit.jpg",NULL
"1028","photos/20082612-jouran.jpg","photos/20082612-jouran_grand.jpg",,,,"photos/20082612-jouran_petit.jpg",NULL
"1029","photos/20082812-makeup.jpg","photos/20082812-makeup_grand.jpg","photos/20082812-makeup1_grand.jpg",,,"photos/20082812-makeup_petit.jpg",NULL
"1030","photos/20082912-beaute.jpg","photos/20082912-beaute_grand.jpg",,,,"photos/20082912-beaute_petit.jpg",NULL
"1031","photos/20090101-detox.jpg","photos/20090101-detox_grand.jpg",,,,"photos/20090101-detox_petit.jpg",NULL
"1032","photos/20090101-postfetes.jpg","photos/20090101-postfetes_grand.jpg",,,,"photos/20090101-postfetes_petit.jpg",NULL
"1033","photos/20090201-minceur.jpg","photos/20090201-minceur_grand.jpg",,,,"photos/20090201-minceur_petit.jpg",NULL
"1034","photos/20080201-rire.jpg","photos/20080201-rire_grand.jpg",,,,"photos/20080201-rire_petit.jpg",NULL
"1035","photos/20090401-cheveux.jpg","photos/20090401-cheveux_grand.jpg",,,,"photos/20090401-cheveux_petit.jpg",NULL
"1036","photos/20082912-annee.jpg","photos/20082912-annee_grand.jpg",,,,"photos/20082912-annee_petit.jpg",NULL
"1037","photos/20090601-sensuelle.jpg","photos/20090601-sensuelle_grand.jpg",,,,"photos/20090601-sensuelle_petit.jpg",NULL
"1038","photos/20090601-champi.jpg","photos/20090601-champi_grand.jpg",,,,"photos/20090601-champi_petit.jpg",NULL
"1039","photos/20090702-emilystrange.jpg","photos/20090702-emilystrange_grand.jpg","photos/20090702-emilystrange1_grand.jpg",,,"photos/20090702-emilystrange_petit.jpg",NULL
"1040","photos/20090801-vitrine.jpg","photos/20080801-vitrine_grand.jpg",,,,"photos/20090801-vitrine_petit.jpg",NULL
"1041","photos/20090701-camouflage.jpg","photos/20090701-camouflage_grand.jpg",,,,"photos/20090701-camouflage_petit.jpg",NULL
"1042","photos/20090901-putafranges.jpg","photos/20090901-putafranges_grand.jpg","photos/20090901-putafranges1_grand.jpg",,,"photos/20090901-putafranges_petit.jpg",NULL
"1043","photos/20090801-coco.jpg","photos/20090801-coco_grand.jpg",,,,"photos/20090801-coco_petit.jpg",NULL
"1044","photos/20090801-bouffebio.jpg","photos/20090801-bouffebio_grand.jpg",,,,"photos/20090801-bouffebio_petit.jpg",NULL
"1045","photos/20091201-package.jpg","photos/20091201-package_grand.jpg",,,,"photos/20091201-package_petit.jpg",NULL
"1046","photos/20091301-maquillage2009.jpg","photos/20091301-maquillage2009_grand.jpg",,,,"photos/20091301-maquillage2009_petit.jpg",NULL
"1047","photos/20091401-mariage.jpg","photos/20091401-mariage_grand.jpg",,,,"photos/20091401-mariage_petit.jpg",NULL
"1048","photos/20091501-dannijo.jpg","photos/20091501-dannijo_grand.jpg",,,,"photos/20091501-dannijo_petit.jpg",NULL
"1049","photos/20091601-soins2009.jpg","photos/20091601-soins2009_grand.jpg","photos/20091601-soins20091_grand.jpg","photos/20091601-soins20092_grand.jpg",,"photos/20091601-soins2009_petit.jpg",NULL
"1050","photos/20091801-voiture.jpg","photos/20091801-voiture_grand.jpg","photos/20091801-voiture1_grand.jpg",,,"photos/20091801-voiture_petit.jpg",NULL
"1051","photos/20072602-bebeetmaman.jpg","photos/20072602-bebeetmaman_grand.jpg",,,,"photos/20081901-bebeetmaman_petit.jpg","photos/20072602-bebeetmaman_petit.jpg"
"1052","photos/20091901-couleurs.jpg","photos/20091901-couleurs_grand.jpg",,,,"photos/20091901-couleurs_petit.jpg",NULL
"1053","photos/20091901-formes.jpg","photos/20091901-formes_grand.jpg","photos/20091901-formes1_grand.jpg","photos/20091901-formes2_grand.jpg",,"photos/20091901-formes_petit.jpg",NULL
"1054","photos/20091901-matieres.jpg","photos/20091901-matieres_grand.jpg",,,,"photos/20091901-matieres_petit.jpg",NULL
"1055","photos/20092001-bijoux.jpg","photos/20092001-bijoux_grand.jpg",,,,"photos/20092001-bijoux_petit.jpg",NULL
"1056","photos/20091901-revlon.jpg","photos/20091901-revlon_grand.jpg",,,,"photos/20091901-revlon_petit.jpg",NULL
"1057","photos/20092101-formvital.jpg","photos/20092101-formvital_grand.jpg","photos/20092101-formvital1_grand.jpg",,,"photos/20092101-formvital_petit.jpg",NULL
"1058","photos/20092101-beautebio.jpg","photos/20092101-beautebio_grand.jpg",,,,"photos/20092101-beautebio_petit.jpg",NULL
"1059","photos/20092301-speculos.jpg","photos/20092301-speculos_grand.jpg",,,,"photos/20092301-speculos_petit.jpg",NULL
"1060","photos/20092301-deo.jpg","photos/20092301-deo_grand.jpg",,,,"photos/20092301-deo_petit.jpg",NULL
"1061","photos/20092401-homme.jpg","photos/20092401-homme_grand.jpg","photos/20092401-homme1_grand.jpg",,,"photos/20092401-homme_petit.jpg",NULL
"1062","photos/20092501-mode.jpg","photos/20092501-mode_grand.jpg","photos/20092501-mode1_grand.jpg",,,"photos/20092501-mode_petit.jpg",NULL
"1063","photos/20092601-mac.jpg","photos/20092601-mac_grand.jpg",,,,"photos/20092601-mac_petit.jpg",NULL
"1064","photos/20092601-boots.jpg","photos/20092601-boots_grand.jpg",,,,"photos/20092601-boots_petit.jpg",NULL
"1065","photos/20092701-salonsmode.jpg","photos/20092701-salonsmode_grand.jpg",,,,"photos/20092701-salonsmode_petit.jpg",NULL
"1066","photos/20092701-skifashion.jpg","photos/20092701-skifashion_grand.jpg",,,,"photos/20092701-skifashion_petit.jpg",NULL
"1067","photos/20092801-jpg.jpg","photos/20092801-jpg_grand.jpg",,,,"photos/20092801-jpg_petit.jpg",NULL
"1068","photos/20092901-suicide.jpg","photos/20092901-suicide_grand.jpg",,,,"photos/20092901-suicide_petit.jpg",NULL
"1069","photos/30012009-defile2009.jpg","photos/30012009-defile2009_grand.jpg",,,,"photos/30012009-defile2009_petit.jpg",NULL
"1070","photos/20090102-stval.jpg","photos/20090102-stval_grand.jpg",,,,"photos/20090102-stval_petit.jpg",NULL
"1071","photos/20092901-greengym.jpg","photos/20092901-greengym_grand.jpg",,,,"photos/20092901-greengym_petit.jpg",NULL
"1072","photos/20092901-stvalentinfille.jpg","photos/20092901-stvalentinfille_grand.jpg",,,,"photos/20092901-stvalentinfille_petit.jpg",NULL
"1073","photos/20090102-fitness.jpg","photos/20090102-fitness_grand.jpg",,,,"photos/20090102-fitness_petit.jpg",NULL
"1074","photos/20092901-stvalentinmec.jpg","photos/20092901-stvalentinmec_grand.jpg",,,,"photos/20092901-stvalentinmec_petit.jpg",NULL
"1075","photos/20090301-minceur.jpg","photos/20090301-minceur_grand.jpg",,,,"photos/20090301-minceur_petit.jpg",NULL
"1076","photos/20090402-crepes.jpg","photos/20090402-crepes_grand.jpg",,,,"photos/20090402-crepes_petit.jpg",NULL
"1077","photos/20090402-gants.jpg","photos/20090402-gants_grand.jpg",,,,"photos/20090402-gants_petit.jpg",NULL
"1078","photos/20090501-ladyflo.jpg","photos/20090501-ladyflo_grand.jpg",,,,"photos/20090501-ladyflo_petit.jpg",NULL
"1079","photos/20090802-coffretrouge.jpg","photos/20090802-coffretrouge_grand.jpg",,,,"photos/20090802-coffretrouge_petit.jpg",NULL
"1080","photos/20090502-pendentif.jpg","photos/20090502-pendentif_grand.jpg",,,,"photos/20090502-pendentif_petit.jpg",NULL
"1081","photos/20092901-patch.jpg","photos/20092901-patch_grand.jpg",,,,"photos/20092901-patch_petit.jpg",NULL
"1082","photos/20090602-robe.jpg","photos/20090602-robe_grand.jpg",,,,"photos/20090602-robe_petit.jpg",NULL
"1083","photos/20092901-caviar.jpg","photos/20092901-caviar_grand.jpg",,,,"photos/20092901-caviar_petit.jpg",NULL
"1084","photos/20090802-modepass.jpg","photos/20090802-modepass_grand.jpg",,,,"photos/20090802-modepass_petit.jpg",NULL
"1085","photos/20090802-coffret.jpg","photos/20090802-coffret_grand.jpg",,,,"photos/20090802-coffret_petit.jpg",NULL
"1086","photos/20091102-stvalentin.jpg","photos/20091102-stvalentin_grand.jpg",,,,"photos/20091102-stvalentin_petit.jpg",NULL
"1087","photos/20090402-lingerie.jpg","photos/20090402-lingerie_grand.jpg",,,,"photos/20090402-lingerie_petit.jpg",NULL
"1088","photos/20091002-stvalbeaute.jpg","photos/20091002-stvalbeaute_grand.jpg","photos/20091002-stvalbeaute-1_grand.jpg","photos/20091002-stvalbeaute-2_grand.jpg",,"photos/20091002-stvalbeaute_petit.jpg",NULL
"1089","photos/20091002-stylisme.jpg","photos/20091002-stylisme_grand.jpg",,,,"photos/20091002-stylisme_petit.jpg",NULL
"1090","photos/20091302-accessoiresmode.jpg","photos/20091302-accessoiresmode_grand.jpg","photos/20091302-accessoiresmode1_grand.jpg",,,"photos/20091302-accessoiresmode_petit.jpg",NULL
"1091","photos/20082711-natalia.jpg","photos/20091302-nathalia_grand.jpg","photos/20082711-natalia_grand.jpg","photos/20091302-nathalia2_grand.jpg","photos/20091302-nathalia1_grand.jpg","photos/20082711-natalia_petit.jpg",NULL
"1092","photos/20091602-sac.jpg","photos/20091602-sac_grand.jpg",,,,"photos/20091602-sac_petit.jpg",NULL
"1093","photos/20091602-jalane.jpg","photos/20091602-jalane_grand.jpg",,,,"photos/20091602-jalane_petit.jpg",NULL
"1094","photos/20091702-toilesmayenne.jpg","photos/20091702-toilesmayenne_grand.jpg",,,,"photos/20091702-toilesmayenne_petit.jpg",NULL
"1095","photos/20091702-hommecosmetiques.jpg","photos/20091702-hommecosmetiques_grand.jpg",,,,"photos/20091702-hommecosmetiques_petit.jpg",NULL
"1096","photos/20091802-corporelle.jpg","photos/20091802-corporelle_grand.jpg",,,,"photos/20091802-corporelle_petit.jpg",NULL
"1097","photos/20091802-levres.jpg","photos/20091802-levres_grand.jpg",,,,"photos/20091802-levres_petit.jpg",NULL
"1098","photos/20091902-bonheur.jpg","photos/20091902-bonheur_grand.jpg","photos/20091902-bonheur1_grand.jpg","photos/20091902-bonheur2_grand.jpg",,"photos/20091902-bonheur_petit.jpg",NULL
"1099","photos/20092002-marine.jpg","photos/20092002-marine_grand.jpg",,,,"photos/20092002-marine_petit.jpg",NULL
"1100","photos/20092102-tonkinoise.jpg","photos/20092102-tonkinoise_grand.jpg",,,,"photos/20092102-tonkinoise_petit.jpg",NULL
"1101","photos/20092102-shiny.jpg","photos/20092102-shiny_grand.jpg",,,,"photos/20092102-shiny_petit.jpg",NULL
"1102","photos/20092302-preconisations.jpg","photos/20092302-preconisations_grand.jpg","photos/20092302-preconisations1_grand.jpg","photos/20092302-preconisations2_grand.jpg",,"photos/20092302-preconisations_petit.jpg",NULL
"1103","photos/20092402-institut.jpg","photos/20092402-institut_grand.jpg","photos/20092402-institut1_grand.jpg",,,"photos/20092402-institut_petit.jpg",NULL
"1104","photos/20092502-chicdressing.jpg","photos/20092502-chicdressing_grand.jpg","photos/20092502-chicdressing1_grand.jpg",,,"photos/20092502-chicdressing_petit.jpg",NULL
"1105","photos/20092502-carmex.jpg","photos/20092502-carmex_grand.jpg",,,,"photos/20092502-carmex_petit.jpg",NULL
"1106","photos/20092502-manucure.jpg","photos/20092502-manucure_grand.jpg","photos/20092502-manucure1_grand.jpg","photos/20092502-manucure2_grand.jpg","photos/20092502-manucure3_grand.jpg","photos/20092502-manucure_petit.jpg",NULL
"1107","photos/20092402-sac.jpg","photos/20092402-sac_grand.jpg",,,,"photos/20092402-sac_petit.jpg",NULL
"1108","photos/20092702-bijoustyle.jpg","photos/20092702-bijoustyle_grand.jpg",,,,"photos/20092702-bijoustyle_petit.jpg",NULL
"1109","photos/20092702-lola.jpg","photos/20092702-lola_grand.jpg",,,,"photos/20092702-lola_petit.jpg",NULL
"1110","photos/20090203-vithalles.jpg","photos/20090203-vithalles_grand.jpg",,,,"photos/20090203-vithalles_petit.jpg",NULL
"1111","photos/20090203-lesmills.jpg","photos/20090203-lesmills_grand.jpg",,,,"photos/20090203-lesmills_petit.jpg",NULL
"1112","photos/20090203-ski.jpg","photos/20090203-ski_grand.jpg",,,,"photos/20090203-ski_petit.jpg",NULL
"1113","photos/20090203-jump.jpg","photos/20090203-jump_grand.jpg",,,,"photos/20090203-jump_petit.jpg",NULL
"1114","photos/20090403-nippies.jpg","photos/20090403-nippies_grand.jpg",,,,"photos/20090403-nippies_petit.jpg",NULL
"1115","photos/20090503-gelee.jpg","photos/20090503-gelee_grand.jpg",,,,"photos/20090503-gelee_petit.jpg",NULL
"1116","photos/20090503-fruitrouge.jpg","photos/20090503-fruitrouge_grand.jpg",,,,"photos/20090503-fruitrouge_petit.jpg",NULL
"1117","photos/20090603-idbuffet.jpg","photos/20090603-idbuffet_grand.jpg","photos/20090603-idbuffet1_grand.jpg",,,"photos/20090603-idbuffet_petit.jpg",NULL
"1118","photos/20090603-vouelle.jpg","photos/20090603-vouelle_grand.jpg","photos/20090603-vouelle1_grand.jpg",,,"photos/20090603-vouelle_petit.jpg",NULL
"1119","photos/20090903-velasmooth.jpg","photos/20090903-velasmooth_grand.jpg",,,,"photos/20090903-velasmooth_petit.jpg",NULL
"1120","photos/20090903-pulpeuses.jpg","photos/20090903-pulpeuses_grand.jpg",,,,"photos/20090903-pulpeuses_petit.jpg",NULL
"1121","photos/20091109-soinsurbains.jpg","photos/20091109-soinsurbains_grand.jpg","photos/20091109-soinsurbains1_grand.jpg",,,"photos/20091109-soinsurbains_petit.jpg",NULL
"1122","photos/20091203-tendanceshiver.jpg","photos/20091203-tendanceshiver_grand.jpg",,,,"photos/20091203-tendanceshiver_petit.jpg",NULL
"1123","photos/20091303-bourjois.jpg","photos/20091303-bourjois_grand.jpg",,,,"photos/20091303-bourjois_petit.jpg",NULL
"1124","photos/20091303-aviateurs.jpg","photos/20091303-aviateurs_grand.jpg",,,,"photos/20091303-aviateurs_petit.jpg",NULL
"1125","photos/20091503-bijouxjean.jpg","photos/20091503-bijouxjean_grand.jpg",,,,"photos/20091503-bijouxjean_petit.jpg",NULL
"1126","photos/20091603-massages.jpg","photos/20091603-massages_grand.jpg",,,,"photos/20091603-massages_petit.jpg",NULL
"1127","photos/20091603-makeup2009.jpg","photos/20091603-makeup2009_grand.jpg",,,,"photos/20091603-makeup2009_petit.jpg",NULL
"1128","photos/20091703-ariane.jpg","photos/20091703-ariane_grand.jpg",,,,"photos/20091703-ariane_petit.jpg",NULL
"1129","photos/20091803-chicdressing.jpg","photos/20091803-chicdressing_grand.jpg",,,,"photos/20091803-chicdressing_petit.jpg",NULL
"1130","photos/20091803-pomme.jpg","photos/20091803-pomme_grand.jpg","photos/20091803-pomme1_grand.jpg",,,"photos/20091803-pomme_petit.jpg",NULL
"1131","photos/20091909-manix.jpg","photos/20091909-manix_grand.jpg",,,,"photos/20091909-manix_petit.jpg",NULL
"1132","photos/20091903-coupes2009.jpg","photos/20091903-coupes2009_grand.jpg",,,,"photos/20091903-coupes2009_petit.jpg",NULL
"1133","photos/20091903-envoituresimone.jpg","photos/20091903-envoituresimone_grand.jpg",,,,"photos/20091903-envoituresimone_petit.jpg",NULL
"1134","photos/20091903-celebrator.jpg","photos/20091903-celebrator_grand.jpg",,,,"photos/20091903-celebrator_petit.jpg",NULL
"1135","photos/20092003-cacao.jpg","photos/20092003-cacao_grand.jpg",,,,"photos/20092003-cacao_petit.jpg",NULL
"1136","photos/20092203-salonfitness.jpg","photos/20092203-salonfitness_grand.jpg",,,,"photos/20092203-salonfitness_petit.jpg",NULL
"1137","photos/20092303-aysat.jpg","photos/20092303-aysat_grand.jpg",,,,"photos/20092303-aysat_petit.jpg",NULL
"1138","photos/20092403-ronger.jpg","photos/20092403-ronger_grand.jpg",,,,"photos/20092403-ronger_petit.jpg",NULL
"1139","photos/20092503-secretssexuels.jpg","photos/20092503-secretssexuels_grand.jpg",,,,"photos/20092503-secretssexuels_petit.jpg",NULL
"1140","photos/20092503-photomodulation.jpg","photos/20092503-photomodulation_grand.jpg",,,,"photos/20092503-photomodulation_petit.jpg",NULL
"1141","photos/20092603-balmain.jpg","photos/20092603-balmain_grand.jpg",,,,"photos/20092603-balmain_petit.jpg",NULL
"1142","photos/20092703-h&m.jpg","photos/20092703-h&m_grand.jpg",,,,"photos/20092703-h&m_petit.jpg",NULL
"1143","photos/20092703-weebio.jpg","photos/20092703-weebio_grand.jpg",,,,"photos/20092703-weebio_petit.jpg",NULL
"1144","photos/20092803-chanter.jpg","photos/20092803-chanter_grand.jpg",,,,"photos/20092803-chanter_petit.jpg",NULL
"1145","photos/20092903-peaunoire.jpg","photos/20092903-peaunoire_grand.jpg","photos/20092903-peaunoire1_grand.jpg","photos/20092903-peaunoire2_grand.jpg","photos/20092903-peaunoire3_grand.jpg","photos/20092903-peaunoire_petit.jpg",NULL
"1146","photos/20093003-femmemaquillage.jpg","photos/20093003-femmemaquillage_grand.jpg",,,,"photos/20093003-femmemaquillage_petit.jpg",NULL
"1147","photos/2000104-sexereligions.jpg","photos/2000104-sexereligions_grand.jpg",,,,"photos/2000104-sexereligions_petit.jpg",NULL
"1148","photos/20090204-magnetotherapie.jpg","photos/20090204-magnetotherapie_grand.jpg",,,,"photos/20090204-magnetotherapie_petit.jpg",NULL
"1149","photos/20090304-zaza.jpg","photos/20090304-zaza_grand.jpg",,,,"photos/20090304-zaza_petit.jpg",NULL
"1150","photos/20090404-modeparis.jpg","photos/20090404-modeparis_grand.jpg",,,,"photos/20090404-modeparis_petit.jpg",NULL
"1151","photos/20090504-paques.jpg","photos/20090504-paques_grand.jpg",,,,"photos/20090504-paques_petit.jpg",NULL
"1152","photos/20090504-devdurable.jpg","photos/20090504-devdurable_grand.jpg",,,,"photos/20090504-devdurable_petit.jpg",NULL
"1153","photos/20090504-ventegat.jpg","photos/20090504-ventegat_grand.jpg",,,,"photos/20090504-ventegat_petit.jpg",NULL
"1154","photos/20090704-innova.jpg","photos/20090704-innova_grand.jpg",,,,"photos/20090704-innova_petit.jpg",NULL
"1155","photos/20090301-relooking.jpg","photos/20090301-relooking_grand.jpg",,,,"photos/20090804-rides_petit.jpg","photos/20090301-relooking_petit.jpg"
"1156","photos/20090804-premiereclasse.jpg","photos/20090804-premiereclasse_grand.jpg",,,,"photos/20090804-premiereclasse_petit.jpg",NULL
"1157","photos/20091004-vergetures.jpg","photos/20091004-vergetures_grand.jpg",,,,"photos/20091004-vergetures_petit.jpg",NULL
"1158","photos/20091004-parfumsurmesure.jpg","photos/20091004-parfumsurmesure_grand.jpg",,,,"photos/20091004-parfumsurmesure_petit.jpg",NULL
"1159","photos/20091004-blue.jpg","photos/20091004-blue_grand.jpg",,,,"photos/20091004-blue_petit.jpg",NULL
"1160","photos/20090704-jeuconcoursvitrine.jpg","photos/20090704-jeuconcoursvitrine_grand.jpg",,,,"photos/20090704-jeuconcoursvitrine_petit.jpg",NULL
"1161","photos/20091304-soinschoco.jpg","photos/20091304-soinschoco_grand.jpg",,,,"photos/20091304-soinschoco_petit.jpg",NULL
"1162","photos/20091404-relooking.jpg","photos/20091404-relooking_grand.jpg",,,,"photos/20091404-relooking_petit.jpg",NULL
"1163","photos/20091504-nikemaje.jpg","photos/20091504-nikemaje_grand.jpg",,,,"photos/20091504-nikemaje_petit.jpg",NULL
"1164","photos/20091604-lunette.jpg","photos/20091604-lunette_grand.jpg",,,,"photos/20091604-lunette_petit.jpg",NULL
"1165","photos/20091604-toomuch.jpg","photos/20091604-toomuch_grand.jpg",,,,"photos/20091604-toomuch_petit.jpg",NULL
"1166","photos/20091704-asthme.jpg","photos/20091704-asthme_grand.jpg",,,,"photos/20091704-asthme_petit.jpg",NULL
"1167","photos/20091904-matospro.jpg","photos/20091904-matospro_grand.jpg",,,,"photos/20091904-matospro_petit.jpg",NULL
"1168","photos/20092104-bouteilledeau.jpg","photos/20092104-bouteilledeau_grand.jpg",,,,"photos/20092104-bouteilledeau_petit.jpg",NULL
"1169","photos/20092104-accrochesac.jpg","photos/20092104-accrochesac_grand.jpg","photos/20092104-accrochesac1_grand.jpg","photos/20092104-accrochesac2_grand.jpg","photos/20092104-accrochesac3_grand.jpg","photos/20092104-accrochesac_petit.jpg",NULL
"1170","photos/20092204-kookai.jpg","photos/20092204-kookai_grand.jpg",,,,"photos/20092204-kookai_petit.jpg",NULL
"1171","photos/20092304-corporelle.jpg","photos/20092304-corporelle_grand.jpg",,,,"photos/20092304-corporelle_petit.jpg",NULL
"1172","photos/20092404-eclatmode.jpg","photos/20092404-eclatmode_grand.jpg","photos/20092404-eclatmode1_grand.jpg","photos/20092404-eclatmode2_grand.jpg",,"photos/20092404-eclatmode_petit.jpg",NULL
"1173","photos/20092604-ethnicia.jpg","photos/20092604-ethnicia_grand.jpg",,,,"photos/20092604-ethnicia_petit.jpg",NULL
"1174","photos/20092604-circulation.jpg","photos/20092604-circulation_grand.jpg",,,,"photos/20092604-circulation_petit.jpg",NULL
"1175","photos/20092604-arsad.jpg","photos/20092604-arsad_grand.jpg",,,,"photos/20092604-arsad_petit.jpg",NULL
"1176","photos/20092604-publiinstinct.jpg","photos/20092604-publiinstinct_grand.jpg",,,,"photos/20092604-publiinstinct_petit.jpg",NULL
"1177","photos/20092704-mariage.jpg","photos/20092704-mariage_grand.jpg",,,,"photos/20092704-mariage_petit.jpg",NULL
"1178","photos/20092904-mac.jpg","photos/20092904-mac_grand.jpg","photos/20092904-mac1_grand.jpg",,,"photos/20092904-mac_petit.jpg",NULL
"1179","photos/20093004-magnetisme.jpg","photos/20093004-magnetisme_grand.jpg",,,,"photos/20093004-magnetisme_petit.jpg",NULL
"1180","photos/20090105-dedikate.jpg","photos/20090105-dedikate_grand.jpg",,,,"photos/20090105-dedikate_petit.jpg",NULL
"1181","photos/20090205-vestejean.jpg","photos/20090205-vestejean_grand.jpg","photos/20090205-vestejean1_grand.jpg",,,"photos/20090205-vestejean_petit.jpg",NULL
"1182","photos/20090305-looks.jpg","photos/20090305-looks_grand.jpg",,,,"photos/20090305-looks_petit.jpg",NULL
"1183","photos/20090405-riz.jpg","photos/20090405-riz_grand.jpg",,,,"photos/20090405-riz_petit.jpg",NULL
"1184","photos/20090505-laitscorps.jpg","photos/20090505-laitscorps_grand.jpg",,,,"photos/20090505-laitscorps_petit.jpg",NULL
"1185","photos/20090505-lotionvetement.jpg","photos/20090505-lotionvetement_grand.jpg",,,,"photos/20090505-lotionvetement_petit.jpg",NULL
"1186","photos/20090505-tendancescoupe.jpg","photos/20090505-tendancescoupe_grand.jpg","photos/20090505-tendancescoupe1_grand.jpg","photos/20090505-tendancescoupe2_grand.jpg","photos/20090505-tendancescoupe3_grand.jpg","photos/20090505-tendancescoupe_petit.jpg",NULL
"1187","photos/20090605-absynthe.jpg","photos/20090605-absynthe_grand.jpg",,,,"photos/20090605-absynthe_petit.jpg",NULL
"1188","photos/20090705-ceinture.jpg","photos/20090705-ceinture_grand.jpg",,,,"photos/20090705-ceinture_petit.jpg",NULL
"1189","photos/20090805-lipton.jpg","photos/20090805-lipton_grand.jpg",,,,"photos/20090805-lipton_petit.jpg",NULL
"1190","photos/20090905-adriana.jpg","photos/20090905-adriana_grand.jpg",,,,"photos/20090905-adriana_petit.jpg",NULL
"1191","photos/20090905-todolist.jpg","photos/20090905-todolist_grand.jpg",,,,"photos/20090905-todolist_petit.jpg",NULL
"1192","photos/20091105-eveilmaquillage.jpg","photos/20091105-eveilmaquillage_grand.jpg",,,,"photos/20091105-eveilmaquillage_petit.jpg",NULL
"1193","photos/20091105-ecriture.jpg","photos/20091105-ecriture_grand.jpg",,,,"photos/20091105-ecriture_petit.jpg",NULL
"1194","photos/20091205-flexibar.jpg","photos/20091205-flexibar_grand.jpg",,,,"photos/20091205-flexibar_petit.jpg",NULL
"1195","photos/20091305-cannes.jpg","photos/20091305-cannes_grand.jpg",,,,"photos/20091305-cannes_petit.jpg",NULL
"1196","photos/20091405-starlettes.jpg","photos/20091405-starlettes_grand.jpg",,,,"photos/20091405-starlettes_petit.jpg",NULL
"1197","photos/20091405-shoes.jpg","photos/20091405-shoes_grand.jpg","photos/20091405-shoes1_grand.jpg","photos/20091405-shoes2_grand.jpg","photos/20091405-shoes3_grand.jpg","photos/20091405-shoes_petit.jpg",NULL
"1198","photos/20091805-liberty.jpg","photos/20091805-liberty_grand.jpg","photos/20091805-liberty1_grand.jpg","photos/20091805-liberty2_grand.jpg",,"photos/20091805-liberty_petit.jpg",NULL
"1199","photos/20091905-nanamai.jpg","photos/20091905-nanamai_grand.jpg",,,,"photos/20091905-nanamai_petit.jpg",NULL
"1200","photos/20092005-tapisrouge.jpg","photos/20092005-tapisrouge_grand.jpg",,,,"photos/20092005-tapisrouge_petit.jpg",NULL
"1201","photos/20092005-beautestars.jpg","photos/20092005-beautestars_grand.jpg","photos/20092005-beautestars1_grand.jpg","photos/20092005-beautestars2_grand.jpg",,"photos/20092005-beautestars_petit.jpg",NULL
"1202","photos/20092205-prune.jpg","photos/20092205-prune_grand.jpg",,,,"photos/20092205-prune_petit.jpg",NULL
"1203","photos/20092205-makeup.jpg","photos/20092205-makeup_grand.jpg",,,,"photos/20092205-makeup_petit.jpg",NULL
"1204","photos/20092205-maje.jpg","photos/20092205-maje_grand.jpg",,,,"photos/20092205-maje_petit.jpg",NULL
"1205","photos/20092305-starsmode.jpg","photos/20092305-starsmode_grand.jpg",,,,"photos/20092305-starsmode_petit.jpg",NULL
"1206","photos/20092405-robesstar.jpg","photos/20092405-robesstar_grand.jpg",,,,"photos/20092405-robesstar_petit.jpg",NULL
"1207","photos/20092505-happybox.jpg","photos/20092505-happybox_grand.jpg",,,,"photos/20092505-happybox_petit.jpg",NULL
"1209","photos/20092605-bracelet.jpg","photos/20092605-bracelet_grand.jpg","photos/20092605-bracelet1_grand.jpg",,,"photos/20092605-bracelet_petit.jpg",NULL
"1210","photos/20092705-rolandgarros.jpg","photos/20092705-rolandgarros_grand.jpg","photos/20092705-rolandgarros-1_grand.jpg","photos/20092705-rolandgarros-2_grand.jpg","photos/20092705-rolandgarros-3_grand.jpg","photos/20092705-rolandgarros_petit.jpg",NULL
"1211","photos/20092805-gabrielleteare.jpg","photos/20092805-gabrielleteare_grand.jpg",,,,"photos/20092805-gabrielleteare_petit.jpg",NULL
"1212","photos/20092805-matospro.jpg","photos/20092805-matospro_grand.jpg","photos/20092805-matospro1_grand.jpg",,,"photos/20092805-matospro_petit.jpg",NULL
"1213","photos/20092805-smokit.jpg","photos/20092805-smokit_grand.jpg",,,,"photos/20092805-smokit_petit.jpg",NULL
"1214","photos/20092805-aromazone.jpg","photos/20092805-aromazone_grand.jpg",,,,"photos/20092805-aromazone_petit.jpg",NULL
"1215","photos/20092805-mllebijoux.jpg","photos/20092805-mllebijoux_grand.jpg",,,,"photos/20092805-mllebijoux_petit.jpg",NULL
"1216","photos/20092805-claramorgane.jpg","photos/20092805-claramorgane_grand.jpg",,,,"photos/20092805-claramorgane_petit.jpg",NULL
"1217","photos/20092905-idbuffet.jpg","photos/20092905-idbuffet_grand.jpg",,,,"photos/20092905-idbuffet_petit.jpg",NULL
"1218","photos/20093105-casque.jpg","photos/20093105-casque_grand.jpg",,,,"photos/20093105-casque_petit.jpg",NULL
"1219","photos/20093105-spartiates.jpg","photos/20093105-spartiates_grand.jpg","photos/20093105-spartiates1_grand.jpg",,,"photos/20093105-spartiates_petit.jpg",NULL
"1220","photos/20090206-stylogloss.jpg","photos/20090206-stylogloss_grand.jpg",,,,"photos/20090206-stylogloss_petit.jpg",NULL
"1221","photos/20090206-maillotsete.jpg","photos/20090206-maillotsete_grand.jpg","photos/20090206-maillotsete1_grand.jpg","photos/20090206-maillotsete2_grand.jpg","photos/20090206-maillotsete3_grand.jpg","photos/20090206-maillotsete_petit.jpg",NULL
"1222","photos/20090506-minceur.jpg","photos/20090506-minceur_grand.jpg",,,,"photos/20090506-minceur_petit.jpg",NULL
"1223","photos/20090706-accessoires.jpg","photos/20090706-accessoires_grand.jpg","photos/20090706-accessoires1_grand.jpg","photos/20090706-accessoires2_grand.jpg","photos/20090706-accessoires3_grand.jpg","photos/20090706-accessoires_petit.jpg",NULL
"1224","photos/20090806-lingeriemeres.jpg","photos/20090806-lingeriemeres_grand.jpg",,,,"photos/20090806-lingeriemeres_petit.jpg",NULL
"1225","photos/20090806-agnesoral.jpg","photos/20090806-agnesoral_grand.jpg",,,,"photos/20090806-agnesoral_petit.jpg",NULL
"1226","photos/20093105-shoes.jpg","photos/20093105-shoes_grand.jpg",,,,"photos/20093105-shoes_petit.jpg",NULL
"1227","photos/20090906-coiffuresmariees.jpg","photos/20090906-coiffuresmariees_grand.jpg",,,,"photos/20090906-coiffuresmariees_petit.jpg",NULL
"1228","photos/20090906-modesweetplanet.jpg","photos/20090906-modesweetplanet_grand.jpg",,,,"photos/20090906-modesweetplanet_petit.jpg",NULL
"1229","photos/20091006-pieds.jpg","photos/20091006-pieds_grand.jpg",,,,"photos/20091006-pieds_petit.jpg",NULL
"1230","photos/20091106-fraichattitude.jpg","photos/20091106-fraichattitude_grand.jpg",,,,"photos/20091106-fraichattitude_petit.jpg",NULL
"1231","photos/20091106-parfums.jpg","photos/20091106-parfums_grand.jpg",,,,"photos/20091106-parfums_petit.jpg",NULL
"1232","photos/20091106-violencesconjugales.jpg","photos/20091106-violencesconjugales_grand.jpg",,,,"photos/20091106-violencesconjugales_petit.jpg",NULL
"1233","photos/20091206-frange.jpg","photos/20091206-frange_grand.jpg",,,,"photos/20091206-frange_petit.jpg","photos/20091206-frange_cons.jpg"
"1234","photos/20091406-yojivente.jpg","photos/20091406-yojivente_grand.jpg",,,,"photos/20091406-yojivente_petit.jpg",NULL
"1235","photos/20091406-teeshirt.jpg","photos/20091406-teeshirt_grand.jpg",,,,"photos/20091406-teeshirt_petit.jpg",NULL
"1236","photos/20091406-campagneviol.jpg","photos/20091406-campagneviol_grand.jpg",,,,"photos/20091406-campagneviol_petit.jpg",NULL
"1237","photos/20091506-recyclage.jpg","photos/20091506-recyclage_grand.jpg",,,,"photos/20091506-recyclage_petit.jpg",NULL
"1238","photos/20091506-fillemaquillage.jpg","photos/20091506-fillemaquillage_grand.jpg",,,,"photos/20091506-fillemaquillage_petit.jpg",NULL
"1239","photos/20091606-acupunctureelectro.jpg","photos/20091606-acupunctureelectro_grand.jpg",,,,"photos/20091606-acupunctureelectro_petit.jpg",NULL
"1240","photos/20091506-NL-cdf.jpg","photos/20091506-NL-cdf_grand.jpg",,,,"photos/20091506-NL-cdf_petit.jpg",NULL
"1241","photos/20091706-perefille.jpg","photos/20091706-perefille_grand.jpg",,,,"photos/20091706-perefille_petit.jpg",NULL
"1242","photos/20091806-manoush.jpg","photos/20091806-manoush_grand.jpg",,,,"photos/20091806-manoush_petit.jpg",NULL
"1243","photos/20091806-cube.jpg","photos/20091806-cube_grand.jpg",,,,"photos/20091806-cube_petit.jpg",NULL
"1244","photos/20091906-cystite.jpg","photos/20091906-cystite_grand.jpg",,,,"photos/20091906-cystite_petit.jpg",NULL
"1245","photos/20091906-selfdefense.jpg","photos/20091906-selfdefense_grand.jpg",,,,"photos/20091906-selfdefense_petit.jpg",NULL
"1246","photos/20091706-jimmychoo.jpg","photos/20091706-jimmychoo_grand.jpg",,,,"photos/20091706-jimmychoo_petit.jpg",NULL
"1247","photos/20092306-futmec.jpg","photos/20092306-futmec_grand.jpg","photos/20092306-futmec1_grand.jpg",,,"photos/20092306-futmec_petit.jpg",NULL
"1248","photos/20092306-sunglasses.jpg","photos/20092306-sunglasses_grand.jpg","photos/20092306-sunglasses1_grand.jpg","photos/20092306-sunglasses2_grand.jpg",,"photos/20092306-sunglasses_petit.jpg",NULL
"1249","photos/20092406-chicdressing.jpg","photos/20092406-chicdressing_grand.jpg",,,,"photos/20092406-chicdressing_petit.jpg",NULL
"1250","photos/20092406-soin.jpg","photos/20092406-soin_grand.jpg","photos/20092406-soin1_grand.jpg","photos/20092406-soin2_grand.jpg","photos/20092406-soin3_grand.jpg","photos/20092406-soin_petit.jpg",NULL
"1251","photos/20092406-makeup.jpg","photos/20092406-makeup_grand.jpg","photos/20092406-makeup1_grand.jpg","photos/20092406-makeup2_grand.jpg",,"photos/20092406-makeup_petit.jpg",NULL
"1252","photos/20092606-mocassins.jpg","photos/20092606-mocassins_grand.jpg",,,,"photos/20092606-mocassins_petit.jpg",NULL
"1253","photos/20090207-nippies.jpg","photos/20090207-nippies_grand.jpg",,,,"photos/20090207-nippies_petit.jpg",NULL
"1254","photos/20092606-braceletbac.jpg","photos/20092606-braceletbac_grand.jpg",,,,"photos/20092606-braceletbac_petit.jpg",NULL
"1255","photos/20092606-sg.jpg","photos/20092606-sg_grand.jpg","photos/20092606-sg1_grand.jpg",,,"photos/20092606-sg_petit.jpg",NULL
"1256","photos/20092706-chaisecalorie.jpg","photos/20092706-chaisecalorie_grand.jpg",,,,"photos/20092706-chaisecalorie_petit.jpg",NULL
"1257","photos/20092706-chewingum.jpg","photos/20092706-chewingum_grand.jpg",,,,"photos/20092706-chewingum_petit.jpg",NULL
"1258","photos/20092906-tomford.jpg","photos/20092906-tomford_grand.jpg","photos/20092906-tomford1_grand.jpg",,,"photos/20092906-tomford_petit.jpg",NULL
"1259","photos/20092906-cosmetiqueslegumes.jpg","photos/20092906-cosmetiqueslegumes_grand.jpg",,,,"photos/20092906-cosmetiqueslegumes_petit.jpg",NULL
"1260","photos/20090107-bomec.jpg","photos/20090107-bomec_grand.jpg",,,,"photos/20090107-bomec_petit.jpg",NULL
"1261","photos/20090107-varens.jpg","photos/20090107-varens_grand.jpg",,,,"photos/20090107-varens_petit.jpg",NULL
"1262","photos/20071406-fetemusique.jpg","photos/20071406-fetemusique_grand.jpg",,,,,NULL
"1263","photos/livrepeopleoornotpeople.jpg","photos/livrepeopleoornotpeople_grand.jpg",,,,,NULL
"1264","photos/cleflash.jpg","photos/cleflash_grand.jpg",,,,,NULL
"1265","photos/mescopinesfilm.jpg","photos/mescopinesfilm_grand.jpg",,,,,NULL
"1266","photos/livreproduitsdebeaute.jpg","photos/livreproduitsdebeaute_grand.jpg",,,,,NULL
"1267","photos/bijouportable.jpg","photos/bijouportable_grand.jpg",,,,,NULL
"1268","photos/cezanne.jpg","photos/cezanne_grand.jpg",,,,,NULL
"1269","photos/courscuisine2.jpg","photos/courscuisine2_grand.jpg",,,,,NULL
"1270","photos/eurockeennnes.jpg","photos/eurockeennnes_grand.jpg",,,,,NULL
"1271","photos/icekubebar.jpg","photos/icekubebar_grand.jpg",,,,,NULL
"1272","photos/nickel.jpg","photos/nickel_grand.jpg",,,,,NULL
"1273","photos/solidays.jpg","photos/solidays_grand.jpg",,,,,NULL
"1274","photos/lecondamour.jpg","photos/lecondamour_grand.jpg",,,,,NULL
"1275","photos/loodbar1.jpg","photos/loodbar1_grand.jpg",,,,,NULL
"2144","photos/beautybar.jpg","photos/beautybar_grand.jpg",NULL,NULL,NULL,NULL,
"1276","photos/motorolagold.jpg","photos/motorolagold_grand.jpg",,,,,NULL
"1277","photos/fonomaniac.jpg","photos/fonomaniac_grand.jpg",,,,,NULL
"1278","photos/affichemadonna.jpg","photos/affichemadonna_grand.jpg",,,,,NULL
"1279","photos/ayo.jpg","photos/ayo_grand.jpg",,,,,"photos/2006-ayo_petit.jpg"
"1280","photos/bdparesseuse.jpg","photos/bdparesseuse_grand.jpg",,,,,NULL
"1281","photos/20071406-museetheatre.jpg","photos/20071406-museetheatre_grand.jpg",,,,,NULL
"1282","photos/curieuxbar.jpg","photos/2006-curieuxbar_grand.jpg",,,,,NULL
"1283","photos/mpcouleur.jpg","photos/mpcouleur_grand.jpg",,,,,NULL
"1284","photos/2007-weddingonline.jpg","photos/2007-weddingonline_grand.jpg",,,,,NULL
"1285","photos/jecoachemavie.jpg","photos/jecoachemavie_grand.jpg",,,,,NULL
"1286","photos/taies.jpg","photos/taies_grand.jpg",,,,,NULL
"1287","photos/isabeauder.jpg","photos/isabeauder_grand.jpg",,,,,NULL
"1288","photos/cadre.jpg","photos/20071306-cadre_grand.jpg",,,,,NULL
"1289","photos/ipodmobile.jpg","photos/ipodmobile_grand.jpg",,,,,NULL
"1290","photos/playstation.jpg","photos/playstation_grand.jpg",,,,,NULL
"1291","photos/smsvibrant.jpg","photos/smsvibrant_grand.jpg",,,,,NULL
"1292","photos/grandcorpsmalade.jpg","photos/grandcorpsmalade_grand.jpg",,,,,NULL
"1293","photos/2006-scrapbook.jpg","photos/scrapbooking_grand.jpg",,,,,NULL
"1294","photos/shambhala.jpg","photos/shambhala_grand.jpg",,,,,NULL
"1295","photos/insecte.jpg","photos/insecte_grand.jpg",,,,,NULL
"1296","photos/photomaton.jpg","photos/2007-pola_grand.jpg",,,,,NULL
"1297","photos/coeur.jpg","photos/coeur_grand.jpg",,,,,NULL
"1298","photos/cledigitale.jpg","photos/cledigitale_grand.jpg",,,,,NULL
"1299","photos/littlemissunshine.jpg","photos/littlemissunshine_grand.jpg",,,,,NULL
"1300","photos/restozingots.jpg","photos/2006-zingots_grand.jpg",,,,,NULL
"1301","photos/cabu.jpg","photos/cabu_grand.jpg",,,,,NULL
"1302","photos/pavillonnoir.jpg","photos/2006-pavillonnoir_grand.jpg",,,,,NULL
"1303","photos/20072506-decofengshui.jpg","photos/20072506-decofengshui_grand.jpg",,,,,NULL
"1304","photos/karaoke.jpg","photos/karaoke_grand.jpg",,,,,NULL
"1305","photos/baladeurarchos.jpg","photos/baladeurarchos_grand.jpg",,,,,NULL
"1306","photos/20071306-nabaztag.jpg","photos/20071306-nabaztag_grand.jpg",,,,,NULL
"1307","photos/babel.jpg","photos/2007-babel_grand.jpg",,,,,NULL
"1308","photos/nokia93.jpg","photos/nokia93_grand.jpg",,,,,NULL
"1309","photos/danslenoir.jpg","photos/danslenoir_grand.jpg",,,,,NULL
"1310","photos/reveilbascule.jpg","photos/reveilbascule_grand.jpg",,,,,NULL
"1311","photos/tvecranplat.jpg","photos/tvecranplat_grand.jpg",,,,,NULL
"1312","photos/debutdesiecle.jpg","photos/debutdesiecle_grand.jpg",,,,,NULL
"1313","photos/paolonutini.jpg","photos/paolonutini_grand.jpg",,,,,NULL
"1314","photos/achetonsresponsables.jpg","photos/achetonsresponsable_grand.jpg",,,,,NULL
"1315","photos/restolafourmie.jpg","restos/fourmiailée_grand.jpg",,,,,NULL
"1316","photos/restoautopassion.jpg","photos/restoautopassion_grand.jpg",,,,,NULL
"1317","photos/restoblueelephant.jpg","photos/restoblueelephant_grand.jpg",,,,,NULL
"1318","photos/modelabs.jpg","photos/modelabs_grand.jpg",,,,,NULL
"1319","photos/bouquinparesseuses.jpg","photos/bouquinparesseuses_grand.jpg",,,,,NULL
"1320","photos/champagne.jpg","photos/champagne_grand.jpg",,,,,NULL
"1321","photos/iphone.jpg","photos/iphone_grand.jpg",,,,,NULL
"1322","photos/20072501-darcetdelon.jpg","photos/20072501-darcetdelon_grand.jpg",,,,,NULL
"1323","photos/cine200701.jpg","photos/cine200701_grand.jpg",,,,,NULL
"1324","photos/blackbar.jpg","photos/blackbar_grand.jpg",,,,,NULL
"1325","photos/pradaport.jpg","photos/pradaport_grand.jpg",,,,,NULL
"1326","photos/sortesdepates.jpg","photos/sortesdepates_grand.jpg",,,,,NULL
"1327","photos/blocparty.jpg","photos/2007-blocparty_grand.jpg",,,,,NULL
"1328","photos/cine20070902blancheneige.jpg","photos/20070902-blancheneige_grand.jpg",,,,,NULL
"1329","photos/2007-expojaneevelynatwood.jpg","photos/2007-expojaneevelyn_grand.jpg",,,,,NULL
"1330","photos/20071202-cadostvalentin.jpg","photos/20071202-cadostvalentin_grand.jpg",,,,,NULL
"1331","photos/2007-bouquinjhabiteenbasdec.jpg","photos/2007-bouquindec_grand.jpg",,,,,NULL
"1332","photos/cafesimonmarseille.jpg","photos/2007-cafesimonmarseille_grand.jpg",,,,,NULL
"1333","photos/2007-barlotti.jpg","photos/2007-barlotti_grand.jpg",,,,,NULL
"1334","photos/2007-queenie.jpg","photos/2007-queenie_grand.jpg",,,,,NULL
"1335","photos/nokiawallet.jpg","photos/nokiawallet_grand.jpg",,,,,NULL
"1336","photos/2007-jazzman.jpg","photos/2007-jazzman_grand.jpg",,,,,NULL
"1337","photos/2007-expokadir.jpg","photos/2007-expokadir_grand.jpg",,,,,NULL
"1339","photos/maisonserena.jpg","photos/maisonserena_grand.jpg",,,,,NULL
"1340","photos/20072603-groupeplasticines.jpg","photos/20072603-groupeplasticines_grand.jpg",,,,,NULL
"1341","photos/20072903-dessoucisetdespote.jpg","photos/dessoucisetdespotes_grand.jpg",,,,,NULL
"1342","photos/20070904-litchelou.jpg","photos/20070904-litchelou_grand.jpg",,,,,NULL
"1343","photos/20073004-courtmetrageantivi.jpg","photos/20073004-courtmetrageantiviolence_grand.jpg",,,,,NULL
"1344","photos/20070205-ipodselect.jpg","photos/20070205-ipodselect_grand.jpg",,,,,NULL
"1345","photos/20070205-expofashionlondres.jpg","photos/20070205-expofashionlondres_grand.jpg",,,,,NULL
"1346","photos/20071105-filmsmai.jpg","photos/20071105-filmsmai_grand.jpg",,,,,NULL
"1347","photos/20071205-oliviaruiz.jpg","photos/20071205-oliviaruiz_grand.jpg",,,,,NULL
"1348","photos/20071505-amourchipolatas.jpg","photos/20071505-amourchipolatas_grand.jpg",,,,,NULL
"1349","photos/20071705-cannes.jpg","photos/20071705-cannes_grand.jpg",,,,,NULL
"1350","photos/20071805-livremai.jpg","photos/20071805-livremai_grand.jpg",,,,,NULL
"1351","photos/20072805-insolitesdorothee.jpg","photos/20072805-insolitesdorothee_grand.jpg",,,,,NULL
"1352","photos/20072905-restolunico.jpg","photos/20072905-restolunico_grand.jpg",,,,,NULL
"1353","photos/20070806-charlottetheatre1.jpg","photos/20070806-charlottetheatre_grand.jpg",,,,,NULL
"1354","photos/20070806-pokerfemme.jpg","photos/20070806-pokerfemme_grand.jpg",,,,,NULL
"1355","photos/20071406-fetedesperes.jpg","photos/20071406-fetedesperes_grand.jpg",,,,,NULL
"1356","photos/20071306-decocarton.jpg","photos/20071306-decocarton_grand.jpg",,,,,NULL
"1357","photos/20071806-restohelixir.jpg","photos/20071806-restohelixir_grand.jpg",,,,,NULL
"1358","photos/20071806-mangas.jpg","photos/20071806-mangas_grand.jpg",,,,,NULL
"1359","photos/20071806-salontv.jpg","photos/20071806-salontv_grand.jpg",,,,,NULL
"1360","photos/20072107-h-technews.jpg","photos/20072107-h-technews_grand.jpg",,,,,NULL
"1361","photos/20072206-alcazar.jpg","photos/20072206-alcazar_grand.jpg",,,,,NULL
"1362","photos/20072106-itwleonard.jpg","photos/20072106-itwleonard_grand.jpg",,,,,NULL
"1363","photos/20070207-fetecine.jpg","photos/20070207-fetecine_grand.jpg",,,,,NULL
"1364","photos/20070307-vogueexpo.jpg","photos/20070307-vogueexpo1_grand.jpg","photos/20070307-vogueexpo2_grand.jpg","photos/20070307-vogueexpo_grand.jpg","photos/20070307-vogueexpo3_grand.jpg",,NULL
"1365","photos/20070407-h-techsummer.jpg","photos/20070407-h-techsummer1_grand.jpg","photos/20070407-h-techsummer_grand.jpg","photos/20070407-h-techsummer2_grand.jpg",,,NULL
"1366","photos/20070507-le15.jpg","photos/20070507-le15_grand.jpg","photos/20070507-le15cuisine_grand.jpg",,,,NULL
"1367","photos/20070707-dalida.jpg","photos/20070707-dalida_grand.jpg",,,,,NULL
"1368","photos/20070907-cafedelapaix.jpg","photos/20070907-cafedelapaix_grand.jpg",,,,,NULL
"1369","photos/20070907-terrasse.jpg","photos/20070907-terrasse1_grand.jpg","photos/20070907-terrasse_grand.jpg","photos/20070907-terrasse2_grand.jpg","photos/20070907-terrasse3_grand.jpg",,NULL
"1370","photos/20071007-solidays.jpg","photos/20071007-solidays_grand.jpg","photos/solidays1_grand.jpg","photos/solidays2_grand.jpg","photos/solidays3_grand.jpg",,NULL
"1371","photos/20071107-lesbobos.jpg","photos/20071107-lesbobos_grand.jpg",,,,,NULL
"1372","photos/20071207-expodoty.jpg","photos/20071207-expodoty_grand.jpg","photos/20071207-expodoty1_grand.jpg",,,,NULL
"1373","photos/20071307-concoursbougtel.jpg","photos/20071307-concoursbougtel_grand.jpg",,,,,NULL
"1374","photos/20071607-festivalsete2007.jpg","photos/20071607-festivalsete2007_grand.jpg","photos/20071607-festivals12007_grand.jpg","photos/20071607-festivals22007_grand.jpg","photos/20071607-festivals32007_grand.jpg",,NULL
"1375","photos/20071707-castelexpo.jpg","photos/20071707-castelexpo_grand.jpg","photos/20071707-castelexpo1_grand.jpg","photos/20071707-castelexpo2_grand.jpg","photos/20071707-castelexpo3_grand.jpg",,NULL
"1376","photos/20071807-sagadelhomme.jpg","photos/20071807-sagadelhomme_grand.jpg","photos/20071807-sagadelhomme1_grand.jpg","photos/20071807-sagadelhomme2_grand.jpg","photos/20071807-sagadelhomme3_grand.jpg",,NULL
"1377","photos/20072107-3jeannes.jpg","photos/20072107-3jeannes_grand.jpg",,,,,NULL
"1378","photos/20072807-greenattitude.jpg","photos/20072807-greenattitude_grand.jpg","photos/20072807-greenattitude1_grand.jpg","photos/20072807-greenattitude2_grand.jpg",,,NULL
"1379","photos/20070708-specialplage.jpg","photos/20070708-specialplage_grand.jpg","photos/20070708-specialplage1_grand.jpg","photos/20070708-specialplage2_grand.jpg",,,NULL
"1380","photos/20070908-terrasse.jpg","photos/20070908-terrasse_grand.jpg","photos/20070908-terrasse2_grand.jpg","photos/20070908-terrasse3_grand.jpg",,,NULL
"1381","photos/20071708-parisaout2.jpg","photos/20071708-parisaout_grand.jpg","photos/20071708-parisaout1_grand.jpg","photos/20071708-parisaout2_grand.jpg","photos/20071708-parisaout3_grand.jpg",,NULL
"1382","photos/20072108-radisson.jpg","photos/20072108-radisson_grand.jpg","photos/20072108-albarino_grand.jpg","photos/20072108-joe_grand.jpg","photos/20072108-reservoir_grand.jpg",,NULL
"1383","photos/20072308-next.jpg","photos/20072308-next_grand.jpg",,,,,NULL
"1384","photos/20072408-coloc.jpg","photos/20072408-coloc_grand.jpg",,,,,NULL
"1385","photos/20070109-girlibook.jpg","photos/20070109-girlibook_grand.jpg",,,,,NULL
"1386","photos/20070309-teteclaq.jpg","photos/20070309-teteclaq-1_grand.jpg","photos/20070309-teteclaq-2_grand.jpg","photos/20070309-teteclaq-3_grand.jpg","photos/20070309-teteclaq-4_grand.jpg",,NULL
"1387","photos/20070309-barcelone.jpg","photos/20070309-barcelone_grand.jpg","photos/20070309-barcelone-1_grand.jpg","photos/20070309-barcelone-2-grand.jpg","photos/20070309-barcelone-3_grand.jpg",,NULL
"1388","photos/20070509-htech.jpg","photos/20070509-htech-1_grand.jpg","photos/20070509-htech-2_grand.jpg","photos/20070509-htech-3_grand.jpg","photos/20070509-htech-4_grand.jpg",,NULL
"1389","photos/20070309-nouveautesmusicale.jpg","photos/20070309-nouveautesmusicales_grand.jpg",,,,,NULL
"1390","photos/200709-deco.jpg","photos/200709-deco1_grand.jpg","photos/200709-deco2_grand.jpg","photos/200709-deco3_grand.jpg","photos/200709-deco4_grand.jpg",,NULL
"1391","photos/20071009-livressept.jpg","photos/20071009-livre1_grand.jpg","photos/20071009-livre2_grand.jpg","photos/20071009-livre3_grand.jpg",,,NULL
"1392","photos/20071009-Japon.jpg","photos/20071009-Japon_grand.jpg","photos/20071009-Japon1_grand.jpg","photos/20071009-Japon2_grand.jpg",,,NULL
"1393","photos/20071609-rockexpo.jpg","photos/20071609-rockexpo_grand.jpg",,,,,NULL
"1394","photos/20071709-seriestv.jpg","photos/20071709-seriestv-3_grand.jpg","photos/20071709-seriestv-1_grand.jpg","photos/20071709-seriestv-2_grand.jpg","photos/20071709-seriestv_grand.jpg",,NULL
"1395","photos/20071709-musikelles.jpg","photos/20071709-musikelles_grand.jpg",,,,,NULL
"1396","photos/20071807-festival.jpg","photos/20071807-festival_grand.jpg",,,,,NULL
"1397","photos/20071909-clandivorce.jpg","photos/20071909-clandivorce_grand.jpg",,,,,NULL
"1398","photos/20071909-newyork.jpg","photos/20071909-newyork_grand.jpg","photos/20071909-newyork-1_grand.jpg","photos/20071909-newyork-2_grand.jpg","photos/20071909-newyork-3_grand.jpg",,NULL
"1399","photos/20072009-foiremarseille.jpg","photos/20072009-foiremarseille_grand.jpg",,,,,NULL
"1400","photos/20072009-marsatac.jpg","photos/20072009-marsatac_grand.jpg",,,,,NULL
"1401","photos/20072210-cinesept.jpg","photos/20072210-cinesept_grand.jpg","photos/20072210-cinesept-1_grand.jpg","photos/20072210-cinesept-2_grand.jpg","photos/20072210-cinesept-3_grand.jpg",,NULL
"1402","photos/20072310-maimepasmal.jpg","photos/20072310-maimepasmal_grand.jpg",,,,,NULL
"1403","photos/200725096-htechrolly.jpg","photos/200725096-htechrolly_grand.jpg",,,,,NULL
"1404","photos/20072709-htechrose.jpg","photos/20072709-htechrose_grand.jpg","photos/20072709-htechrose-2_grand.jpg","photos/20072709-htechrose-3_grand.jpg","photos/20072709-htechrose-5_grand.jpg",,NULL
"1405","photos/20072909-caramel.jpg","photos/20072909-caramel_grand.jpg",,,,,NULL
"1406","photos/20072809-restosdoty.jpg","photos/20072809-restosdoty-1_grand.jpg","photos/20072809-restosdoty-2_grand.jpg","photos/20072809-restosdoty-3_grand.jpg","photos/20072809-restosdoty-4_grand.jpg",,NULL
"1407","photos/20073009-arbregrece.jpg","photos/20073009-arbregrece_grand.jpg","photos/20073009-arbregrece-1_grand.jpg",,,,NULL
"1408","photos/20070210-ballonovale.jpg","photos/20070210-ballonovale_grand.jpg",,,,,NULL
"1409","photos/20070210-objetsinsolites.jpg","photos/20070210-objetsinsolites_grand.jpg",,,,,NULL
"1410","photos/20070410-sidaction.jpg","photos/20070410-sidaction_grand.jpg",,,,,NULL
"1411","photos/20070710-iphone.jpg","photos/20070710-iphone_grand.jpg",,,,"photos/20070710-iphone_pt.jpg",NULL
"1412","photos/20070810-famille.jpg","photos/20070810-famille_grand.jpg",,,,,NULL
"1413","photos/20070910-queenie.jpg","photos/20070910-queenie_grand.jpg","photos/20070910-queenie-1_grand.jpg","photos/20070910-queenie-2_grand.jpg","photos/20070910-queenie-3_grand.jpg",,NULL
"1414","photos/20070910-decoariane.jpg","photos/20070910-decoariane_grand.jpg","photos/20070910-decoariane-1_grand.jpg","photos/20070910-decoariane-2_grand.jpg",,,NULL
"1415","photos/20071010-festivalautom.jpg","photos/20071010-festivalautom_grand.jpg",,,,,NULL
"1416","photos/20071110-voiturehybride.jpg","photos/20071110-voiturehybride_grand.jpg","photos/20071110-voiturehybride-1_grand.jpg","photos/20071110-voiturehybride-2_grand.jpg",,,NULL
"1417","photos/20071310-high-tech.jpg","photos/20071310-high-tech_grand.jpg","photos/20071310-high-tech-1_grand.jpg","photos/20071310-high-tech-2_grand.jpg",,,NULL
"1418","photos/20071410-fousrires.jpg","photos/20071410-fousrires_grand.jpg",,,,,NULL
"1419","photos/20071510-expo.jpg","photos/20071510-expo-1_grand.jpg","photos/20071510-expo-2_grand.jpg",,,,NULL
"1420","photos/20071610-fiesta.jpg","photos/20071610-fiesta_grand.jpg",,,,,NULL
"1421","photos/20071710-deco.jpg","photos/20071710-deco_grand.jpg",,,,,NULL
"1422","photos/20071710-moto.jpg","photos/20071710-moto_grand.jpg",,,,,NULL
"1423","photos/20071810-selecmyspace.jpg","photos/20071810-selecmyspace_grand.jpg","photos/20071810-selecmyspace-1_grand.jpg","photos/20071810-selecmyspace-2_grand.jpg","photos/20071810-selecmyspace-3_grand.jpg",,NULL
"1424","photos/20071810-tricot.jpg","photos/20071810-tricot_grand.jpg",,,,,NULL
"1425","photos/20071910-clubdoty.jpg","photos/20071910-clubdoty_grand.jpg","photos/20071910-clubdoty-1_grand.jpg",,,,NULL
"1426","photos/20071910-gadgets.jpg","photos/20071910-gadgets_grand.jpg","photos/20071910-gadgets-1_grand.jpg","photos/20071910-gadgets-3_grand.jpg",,,NULL
"1427","photos/20071910-poissonht.jpg","photos/20071910-poissonht_grand.jpg","photos/20071910-poissonht-1_grand.jpg",,,,NULL
"1428","photos/20071910-concertsshare.jpg","photos/20071910-concertsshare_grand.jpg",,,,,NULL
"1429","photos/20072010-compile.jpg","photos/20072010-compile_grand.jpg",,,,,NULL
"1430","photos/20072110-smartphone.jpg","photos/20072110-smartphone_grand.jpg","photos/20072110-smartphone-1_grand.jpg","photos/20072110-smartphone-2_grand.jpg",,,NULL
"1431","photos/20072210-yvesc.jpg","photos/20072210-yvesc_grand.jpg",,,,,NULL
"1432","photos/20072310-myspace.jpg","photos/20072310-myspace_grand.jpg","photos/20072310-myspace-1_grand.jpg","photos/20072310-myspace-2_grand.jpg",,,NULL
"1433","photos/20072310-tecktonik.jpg","photos/20072310-tecktonik_grand.jpg","photos/20072310-tecktonik-1_grand.jpg",,,,NULL
"1434","photos/20072310-deco.jpg","photos/20072310-deco_grand.jpg",,,,"photos/20072310-deco_petit.jpg",NULL
"1435","photos/20072410-starac.jpg","photos/20072410-starac_grand.jpg",,,,,NULL
"1436","photos/20072510-halloween.jpg","photos/20072510-halloween_grand.jpg","photos/20072510-halloween-1_grand.jpg","photos/20072510-halloween-2_grand.jpg",,,NULL
"1437","photos/20072610-harrypotter.jpg","photos/20072610-harrypotter_grand.jpg",,,,,NULL
"1438","photos/20072710-sortiesparis.jpg","photos/20072710-sortiesparis_grand.jpg",,,,,NULL
"1439","photos/20072810-halloween.jpg","photos/20072810-halloween_grand.jpg",,,,,NULL
"1440","photos/20073010-cabinevirtuelle.jpg","photos/20073010-cabinevirtuelle_grand.jpg",,,,,NULL
"1441","photos/20070111-bebechaussons.jpg","photos/20070111-bebechaussons_grand.jpg",,,,,NULL
"1442","photos/20070111-clubbing.jpg","photos/20070111-clubbing_grand.jpg",,,,,NULL
"1443","photos/20070611-robot.jpg","photos/20070611-robot_grand.jpg",,,,,NULL
"1444","photos/20070611-guerremots.jpg","photos/20070611-guerremots_grand.jpg",,,,"photos/20070611-guerremots.jpg",NULL
"1445","photos/20070711-deconature.jpg","photos/20070711-deconature_grand.jpg",,,,,NULL
"1446","photos/20071211-facebook.jpg","photos/20071211-facebook_grand.jpg",,,,,NULL
"1447","photos/20071311-lesoir.jpg","photos/20071311-lesoir_grand.jpg",,,,,NULL
"1448","photos/20071411-freegans.jpg","photos/20071411-freegans-1_grand.jpg",,,,,NULL
"1449","photos/20071511-deco.jpg","photos/20071511-deco_grand.jpg",,,,,NULL
"1450","photos/20071611-gateaucher.jpg","photos/20071611-gateaucher_grand.jpg",,,,,NULL
"1451","photos/20071611-secondlife.jpg","photos/20071611-secondlife_grand.jpg",,,,,NULL
"1452","photos/20071611-darling.jpg","photos/20071611-darling_grand.jpg",,,,,NULL
"1453","photos/20071611-bobino.jpg","photos/20071611-bobino_grand.jpg",,,,,NULL
"1454","photos/20071711-greveetudiante.jpg","photos/20071711-greveetudiante_grand.jpg",,,,,NULL
"1455","photos/20071811-villefetarde.jpg","photos/20071811-villefetarde_grand.jpg",,,,,NULL
"1456","photos/20071911-reporter.jpg","photos/20071911-reporter_grand.jpg",,,,,NULL
"1457","photos/20072011-massiliavintage.jpg","photos/20072011-massiliavintage_grand.jpg",,,,,NULL
"1458","photos/20072111-barbie.jpg","photos/20072111-barbie_grand.jpg","photos/20072111-barbie-1_grand.jpg",,,,NULL
"1459","photos/20072211-docu.jpg","photos/20072211-docu_grand.jpg",,,,,NULL
"1460","photos/20072211-mobilefilm.jpg","photos/20072211-mobilefilm_grand.jpg",,,,,NULL
"1461","photos/20072311-london.jpg","photos/20072311-london_grand.jpg",,,,,NULL
"1462","photos/20072511-higheco.jpg","photos/20072511-higheco_grand.jpg",,,,,NULL
"1463","photos/20072511-agendabonheur.jpg","photos/20072511-agendabonheur_grand.jpg",,,,,NULL
"1464","photos/20072611-vanilla.jpg","photos/20072611-vanilla_grand.jpg",,,,,NULL
"1465","photos/20072611-turin.jpg","photos/20072611-turin_grand.jpg",,,,,NULL
"1466","photos/20072811-boulotnoel.jpg","photos/20072811-boulotnoel_grand.jpg",,,,,NULL
"1467","photos/20072811-macvspc.jpg","photos/20072811-macvspc_grand.jpg",,,,,NULL
"1468","photos/20072911-journesida.jpg","photos/20072911-journesida_grand.jpg",,,,,NULL
"1469","photos/20072911-deco.jpg","photos/20072911-deco_grand.jpg",,,,,NULL
"1470","photos/20073011-bio.jpg","photos/20073011-bio_grand.jpg",,,,,NULL
"1471","photos/20070112-cinelab.jpg","photos/20070112-cinelab_grand.jpg",,,,,NULL
"1472","photos/20070212-motorola.jpg","photos/20070212-motorola_grand.jpg",,,,,NULL
"1473","photos/20070212-litterature.jpg","photos/20070212-litterature_grand.jpg",,,,"photos/20070212-litterature.jpg",NULL
"1474","photos/20070312-prague.jpg","photos/20070312-prague_grand.jpg","photos/20070312-prague-1_grand.jpg",,,,NULL
"1475","photos/20070512-telethon.jpg","photos/20070512-telethon_grand.jpg",,,,,NULL
"1476","photos/20070512-son.jpg","photos/20070512-son_grand.jpg",,,,,NULL
"1477","photos/20070312-sapinfashion.jpg","photos/20070312-sapinfashion_grand.jpg",,,,,NULL
"1478","photos/20070612-wend.jpg","photos/20070612-wend_grand.jpg",,,,,NULL
"1479","photos/20070612-sapindeco.jpg","photos/20070612-sapindeco_grand.jpg",,,,,NULL
"1480","photos/20070612-cadeauenfant.jpg","photos/20070612-cadeauenfant_grand.jpg",,,,,NULL
"1481","photos/20070612-deconoel.jpg","photos/20070612-deconoel_grand.jpg","photos/20070612-deconoel-2_grand.jpg","photos/20070612-deconoel-5_grand.jpg","photos/20070612-deconoel-9_grand.jpg",,NULL
"1482","photos/20070612-cadomoi.jpg","photos/20070612-cadomoi_grand.jpg","photos/20070612-cadomoi-2_grand.jpg","photos/20070612-cadomoi-5_grand.jpg",,,NULL
"1483","photos/2007-filleordi.jpg","photos/2007-filleordi_grand.jpg",,,,"photos/20091102-facebook_petit.jpg","photos/2007-filleordi_petit.jpg"
"1484","photos/marchenoel.jpg","photos/marchenoel_grand.jpg",,,,,NULL
"1485","photos/20070912-missfrance.jpg","photos/20070912-missfrance_grand.jpg",,,,,NULL
"1486","photos/20070912-decotable.jpg","photos/20070912-decotable_grand.jpg",,,,,NULL
"1487","photos/20071012-cado.jpg","photos/20071012-cado_grand.jpg","photos/20071012-cado-1_grand.jpg","photos/20071012-cado-2_grand.jpg",,,NULL
"1488","photos/20071012-droit.jpg","photos/20071012-droit_grand.jpg",,,,,NULL
"1489","photos/20071112-son.jpg","photos/20071112-son_grand.jpg",,,,,NULL
"1490","photos/20071112-rsf.jpg","photos/20071112-rsf_grand.jpg",,,,,NULL
"1491","photos/20071112-gady.jpg","photos/20071112-gady_grand.jpg",,,,,NULL
"1492","photos/20071212-dvdnoel.jpg","photos/20071212-dvdnoel_grand.jpg",,,,,NULL
"1493","photos/20071212-cadorevente.jpg","photos/20071212-cadorevente_grand.jpg",,,,,NULL
"1494","photos/20071312-femmevin.jpg","photos/20071312-femmevin_grand.jpg",,,,,NULL
"1495","photos/20071312-htech.jpg","photos/20071312-htech_grand.jpg",,,,,NULL
"1496","photos/20071312-doty.jpg","photos/20071312-doty_grand.jpg",,,,,NULL
"1497","photos/20071412-lectureero.jpg","photos/20071412-lectureero_grand.jpg",,,,"photos/20071412-lectureero.jpg",NULL
"1498","photos/20071412-sapinrouge.jpg","photos/20071412-sapinrouge_grand.jpg",,,,,NULL
"1499","photos/20071412-decocado.jpg","photos/20071412-decocado_grand.jpg",,,,,NULL
"1500","photos/171207-nicocarla.jpg","photos/171207-nicocarla_grand.jpg",,,,,NULL
"1501","photos/20071712-decohiver.jpg","photos/20071712-decohiver_grand.jpg",,,,,NULL
"1502","photos/20071712-cradexpo.jpg","photos/20071712-cradexpo_grand.jpg",,,,,NULL
"1503","photos/20071812-clefashion.jpg","photos/20071812-clefashion_grand.jpg",,,,,NULL
"1504","photos/20071812-jouran.jpg","photos/20071812-jouran_grand.jpg",,,,,NULL
"1505","photos/20071812-lune.jpg","photos/20071812-lune_grand.jpg",,,,,NULL
"1506","photos/20071912-dragonipod.jpg","photos/20071912-dragonipod_grand.jpg",,,,,NULL
"1507","photos/20071912-internet.jpg","photos/20071912-internet_grand.jpg",,,,,NULL
"1508","photos/20071912-jouran.jpg","photos/20071912-jouran_grand.jpg",,,,,NULL
"1509","photos/20072012-expo.jpg","photos/20072012-expo_grand.jpg",,,,,NULL
"1510","photos/20072012-banoel.jpg","photos/20072012-banoel_grand.jpg",,,,,NULL
"1511","photos/20072212-tram.jpg","photos/20072212-tram_grand.jpg",,,,,NULL
"1512","photos/20072312-tendancejap.jpg","photos/20072312-tendancejap_grand.jpg",,,,,NULL
"1513","photos/20072412-telcolor.jpg","photos/20072412-telcolor_grand.jpg",,,,,NULL
"1514","photos/20072612-nouvelan.jpg","photos/20072612-nouvelan_grand.jpg",,,,,NULL
"1515",,"photos/20072712-cocoon_grand.jpg",,,,"photos/20072712-cocoon_petit.jpg",NULL
"1516","photos/20072812-whatelse.jpg","photos/20072812-whatelse_grand.jpg",,,,,NULL
"1517","photos/20072912-cacheipod.jpg","photos/20072912-cacheipod_grand.jpg",,,,,NULL
"1518","photos/20072912-vacflam.jpg","photos/20072912-vacflam_grand.jpg",,,,,NULL
"1519","photos/20080201-lgviewty.jpg","photos/20080201-lgviewty_grand.jpg",,,,,NULL
"1520","photos/20070301-annee2007.jpg","photos/20070301-annee2007_grand.jpg",,,,,NULL
"1521","photos/20080401-fumer.jpg","photos/20080401-fumer_grand.jpg",,,,,NULL
"1522","photos/20080501-skullcandy.jpg","photos/20080501-skullcandy_grand.jpg",,,,,NULL
"1523","photos/20080701-virb.jpg","photos/20080701-virb_grand.jpg",,,,,NULL
"1524","photos/20080701-webcam.jpg","photos/20080701-webcam_grand.jpg",,,,,NULL
"1525","photos/20080801-tel.jpg","photos/20080801-tel_grand.jpg",,,,,NULL
"1526","photos/20080801-thegossip.jpg","photos/20080801-thegossip_grand.jpg",,,,,NULL
"1527","photos/20080801-simone.jpg","photos/20080801-simone_grand.jpg",,,,,NULL
"1528","photos/20080901-ces.jpg","photos/20080901-ces_grand.jpg",,,,,NULL
"1529","photos/20081001-salonmariage.jpg","photos/20081001-salonmariage_grand.jpg",,,,,NULL
"1530","photos/20081001-dany.jpg","photos/20081001-dany_grand.jpg",,,,,NULL
"1531","photos/20081101-kayliah.jpg","photos/20081101-kayliah_grand.jpg",,,,,NULL
"1532","photos/20081101-reveil.jpg","photos/20081101-reveil_grand.jpg",,,,,NULL
"1533","photos/20081401-ces.jpg","photos/20081401-ces_grand.jpg",,,,,NULL
"1534","photos/20081401-actu-roilion.jpg","photos/20081401-actu-enfants_grand.jpg",,,,,NULL
"1535","photos/20081501-perez.jpg","photos/20081501-perez_grand.jpg",,,,,NULL
"1536","photos/20081201-astrodeco.jpg","photos/20081201-astrodeco_grand.jpg","photos/20081201-astrodeco1_grand.jpg",,,,NULL
"1537","photos/20081601-lapidus.jpg","photos/20081601-lapidus_grand.jpg","photos/20081601-lapidus-1_grand.jpg",,,,NULL
"1538","photos/20081601-htechqi.jpg","photos/20081601-htechqi_grand.jpg",,,,,NULL
"1539","photos/20081601-thomaschagrin.jpg","photos/20081601-thomaschagrin_grand.jpg",,,,,NULL
"1540","photos/20081701-salonmariage.jpg","photos/20081701-salonmariage_grand.jpg",,,,,NULL
"1541","photos/20082001-rachelzoe.jpg","photos/20082001-rachelzoe_grand.jpg",,,,,NULL
"1542","photos/20082101-mabimbo.jpg","photos/20082101-mabimbo_grand.jpg","photos/20082101-mabimbo-1_grand.jpg","photos/20082101-mabimbo-2_grand.jpg","photos/20082101-mabimbo-3_grand.jpg",,NULL
"1543","photos/20082201-skins.jpg","photos/20082201-skins_grand.jpg",,,,,NULL
"1544","photos/20082201-amelbent.jpg","photos/20082201-amelbent_grand.jpg",,,,,NULL
"1545","photos/20082301-singlesweek.jpg","photos/20082301-singlesweek_grand.jpg",,,,,NULL
"1546","photos/20082301-gpsgirly.jpg","photos/20082301-gpsgirly_grand.jpg",,,,,NULL
"1547","photos/20082401-dikeus.jpg","photos/20082401-dikeus_grand.jpg",,,,,NULL
"1548","photos/20082401-htech.jpg","photos/20082401-htech-1_grand.jpg",,,,,NULL
"1549","photos/20082501-buffet.jpg","photos/20082501-buffet_grand.jpg",,,,"photos/20082501-buffet_petit.jpg",NULL
"1550","photos/20082501-plaza.jpg","photos/20082501-plaza_grand.jpg","photos/20082501-plaza-1_grand.jpg","photos/20082501-plaza-2_grand.jpg",,,NULL
"1551","photos/20082801-idoles.jpg","photos/20082801-idoles_grand.jpg",,,,,NULL
"1552","photos/20082801-telrose.jpg","photos/20082801-telrose_grand.jpg",,,,,NULL
"1553","photos/20082901-iphonerose.jpg","photos/20082901-iphonerose_grand.jpg",,,,,NULL
"1554","photos/20082901-ziki.jpg","photos/20082901-ziki_grand.jpg",,,,,NULL
"1555","photos/20083001-bougies.jpg","photos/20083001-bougies_grand.jpg","photos/20083001-bougies1_grand.jpg",,,,NULL
"1556","photos/20083001-cocoon.jpg","photos/20083001-cocoon_grand.jpg","photos/20083001-cocoon1_grand.jpg","photos/20083001-cocoon2_grand.jpg","photos/20083001-cocoon3_grand.jpg",,NULL
"1557","photos/20083101-bo.jpg","photos/20083101-bo_grand.jpg",,,,,NULL
"1558","photos/20080102-afterwork.jpg","photos/20080102-afterwork_grand.jpg",,,,,NULL
"1559","photos/20080302-expo.jpg","photos/20080302-expo_grand.jpg",,,,,NULL
"1560","photos/20080502-musique.jpg","photos/20080502-musique_grand.jpg",,,,,NULL
"1561","photos/20080602-bd.jpg","photos/20080602-bd_grand.jpg","photos/20080602-bd-1_grand.jpg",,,"photos/20080602-bd.jpg",NULL
"1562","photos/20080602-decorose.jpg","photos/20080602-decorose_grand.jpg",,,,,NULL
"1563","photos/20080602-cadeauval.jpg","photos/20080602-cadeauval_grand.jpg",,,,,NULL
"1564","photos/20080802-stvalresto.jpg","photos/20080802-stvalresto_grand.jpg",,,,,NULL
"1565","photos/20080902-soireegirly.jpg","photos/20080902-soireegirly_grand.jpg",,,,,NULL
"1566","photos/20081002-cadeaustval.jpg","photos/20081002-cadeaustval_grand.jpg",,,,,NULL
"1567","photos/20081102-chaleur.jpg","photos/20081102-chaleur_grand.jpg",,,,,NULL
"1568","photos/20081202-livres.jpg","photos/20081202-livres_grand.jpg",,,,,NULL
"1569","photos/20081302-theatre.jpg","photos/20081302-theatre_grand.jpg",,,,,NULL
"1570","photos/20081302-htechski.jpg","photos/20081302-htechski_grand.jpg",,,,,NULL
"1571","photos/20081402-deco.jpg","photos/20081402-deco_grand.jpg",,,,,NULL
"1572","photos/20081502-marchefleurs.jpg","photos/20081502-marchefleurs_grand.jpg",,,,,NULL
"1573","photos/20081502-htech.jpg","photos/20081502-htech_grand.jpg",,,,,NULL
"1574","photos/20081802-marijuana.jpg","photos/20081802-marijuana_grand.jpg",,,,,NULL
"1575","photos/20081902-decovintage.jpg","photos/20081902-decovintage_grand.jpg",,,,,NULL
"1576","photos/20081902-gossip.jpg","photos/20081902-gossip_grand.jpg",,,,,NULL
"1577","photos/20082002-htech.jpg","photos/20082002-htech_grand.jpg",,,,,NULL
"1578","photos/20082002-lachatte.jpg","photos/20082002-lachatte_grand.jpg",,,,,NULL
"1579","photos/20082202-nouvellescene.jpg","photos/20082202-nouvellescene_grand.jpg",,,,,NULL
"1580","photos/20082202-newanimals.jpg","photos/20082202-newanimals_grand.jpg",,,,,NULL
"1581","photos/20082302-resto17.jpg","photos/20082302-resto17_grand.jpg",,,,,NULL
"1582","photos/20082402-sites.jpg","photos/20082402-sites_grand.jpg",,,,,NULL
"1583","photos/20082502-serie.jpg","photos/20082502-serie_grand.jpg","photos/20082502-serie-1_grand.jpg","photos/20082502-serie-2_grand.jpg",,,NULL
"1584","photos/20082602-musique.jpg","photos/20082602-musique_grand.jpg",,,,,NULL
"1585","photos/20080403-cebit.jpg","photos/20080403-cebit_grand.jpg",,,,,NULL
"1586","photos/20080403-monologuevagin.jpg","photos/20080403-monologuevagin_grand.jpg",,,,,NULL
"1587","photos/20080503-journeefemme.jpg","photos/20080503-journeefemme_grand.jpg","photos/20080503-journeefemme-1_grand.jpg",,,,NULL
"1588","photos/20080503-soireegirly.jpg","photos/20080503-soireegirly_grand.jpg",,,,,NULL
"1589","photos/20080903-sncf.jpg","photos/20080903-sncf_grand.jpg",,,,,NULL
"1590","photos/20081003-canettes.jpg","photos/20081003-canettes_grand.jpg",,,,,NULL
"1591","photos/20081003-anina.jpg","photos/20081003-anina_grand.jpg",,,,,NULL
