"id_photo","photo_imode","photo_web","photo_web2","photo_web3","photo_web4","photo_web_petit","vignette_carree"
"1592","photos/20081003-accro.jpg","photos/20081003-accro_grand.jpg",,,,,NULL
"1593","photos/20081103-pierreetpap.jpg","photos/20081103-pierreetpap_grand.jpg",,,,,NULL
"1594","photos/20081103-mobilefutur.jpg","photos/20081103-mobilefutur_grand.jpg",,,,,NULL
"1595","photos/20081303-animaux.jpg","photos/20081303-animaux_grand.jpg",,,,,NULL
"1596","photos/20081403-lelup.jpg","photos/20081403-lelup_grand.jpg",,,,,NULL
"1597","photos/20081303-dirt.jpg","photos/20081303-dirt_grand.jpg",,,,,NULL
"1598","photos/20081703-thekills.jpg","photos/20081703-thekills_grand.jpg",,,,,NULL
"1599","photos/20081903-deco.jpg","photos/20081903-deco_grand.jpg",,,,,NULL
"1600","photos/20082003-asa.jpg","photos/20082003-asa_grand.jpg",,,,,NULL
"1601","photos/20082003-htech.jpg","photos/20082003-htech_grand.jpg",,,,,NULL
"1602","photos/20082103-blog.jpg","photos/20082103-blog_grand.jpg",,,,,NULL
"1603","photos/20082203-menton.jpg","photos/20082203-menton_grand.jpg",,,,,NULL
"1604","photos/20082503-echomode.jpg","photos/20082503-echomode_grand.jpg",,,,,NULL
"1605","photos/20082503-sachtech.jpg","photos/20082503-sachtech_grand.jpg",,,,,NULL
"1606","photos/20082503-biocoop.jpg","photos/20082503-biocoop_grand.jpg",,,,,NULL
"1607","photos/20082603-rollingstone.jpg","photos/20082603-rollingstone_grand.jpg","photos/20082603-rollingstone1_grand.jpg","photos/20082603-rollingstone2_grand.jpg",,,NULL
"1608","photos/20082703-netultra.jpg","photos/20082703-netultra_grand.jpg",,,,,NULL
"1609","photos/20082703-idnight.jpg","photos/20082703-idnight_grand.jpg",,,,,NULL
"1610","photos/2008-nanocouleur.jpg","photos/nanocouleur_grand.jpg",,,,,NULL
"1611","photos/20082803-kaki.jpg","photos/20082803-kaki_grand.jpg",,,,,NULL
"1612","photos/20083103-mageekstore.jpg","photos/20083103-mageekstore_grand.jpg",,,,,NULL
"1613","photos/20083103-rock.jpg","photos/20083103-rock_grand.jpg","photos/20083103-rock1_grand.jpg",,,,NULL
"1614","photos/20080204-happyspace.jpg","photos/20080204-happyspace_grand.jpg",,,,,NULL
"1615","photos/20080304-katenash.jpg","photos/20080304-katenash_grand.jpg",,,,,NULL
"1616","photos/20080304-arena.jpg","photos/20080304-arena_grand.jpg",,,,,NULL
"1617","photos/20080404-cleusb.jpg","photos/20080404-cleusb_grand.jpg",,,,,NULL
"1618","photos/20080404-katiadoris.jpg","photos/20080404-katiadoris_grand.jpg",,,,,NULL
"1619","photos/20080704-tendancedisco.jpg","photos/20080704-tendancedisco_grand.jpg","photos/20080704-tendancedisco1_grand.jpg","photos/20080704-tendancedisco2_grand.jpg",,,NULL
"1620","photos/20080704-festivalrire.jpg","photos/20080704-festivalrire_grand.jpg",,,,,NULL
"1621","photos/20080904-little.jpg","photos/20080904-little_grand.jpg","photos/20080904-little1_grand.jpg",,,,NULL
"1622","photos/20080904-zadigvoltaire.jpg","photos/20080904-zadigvoltaire_grand.jpg",,,,,NULL
"1623","photos/20080904-zepplin.jpg","photos/20080904-zepplin_grand.jpg",,,,,NULL
"1624","photos/20081504-printempsbourges.jpg","photos/20081504-printempsbourges_grand.jpg",,,,,NULL
"1625","photos/20081504-etuimobile.jpg","photos/20081504-etuimobile_grand.jpg",,,,,NULL
"1626","photos/20081604-pene.jpg","photos/20081604-pene_grand.jpg",,,,,NULL
"1627","photos/20081704-sitealibi.jpg","photos/20081704-sitealibi_grand.jpg",,,,,NULL
"1628","photos/20081704-eva.jpg","photos/20081704-eva_grand.jpg",,,,,NULL
"1629","photos/20081804-souris.jpg","photos/20081804-souris_grand.jpg",,,,,NULL
"1630","photos/20081804-pimkie.jpg","photos/20081804-pimkie_grand.jpg",,,,,NULL
"1631","photos/20081904-taxihtech.jpg","photos/20081904-taxihtech_grand.jpg","photos/20081904-taxihtech1_grand.jpg","photos/20081904-taxihtech2_grand.jpg",,,NULL
"1632","photos/20082104-melinaloupia.jpg","photos/20082104-melinaloupia_grand.jpg","photos/20082104-melinaloupia1_grand.jpg",,,,NULL
"1633","photos/20082104-cadre.jpg","photos/20082104-cadre_grand.jpg",,,,,NULL
"1634","photos/20082104-junket.jpg","photos/20082104-junket_grand.jpg",,,,,NULL
"1635","photos/20082204-maisonhote.jpg","photos/20082204-maisonhote_grand.jpg",,,,,NULL
"1636","photos/20082204-diamants.jpg","photos/20082204-diamants_grand.jpg",,,,,NULL
"1637","photos/20082404-couscousauxlardons.jpg","photos/20082404-couscousauxlardons_grand.jpg",,,,,NULL
"1638","photos/20082504-expo.jpg","photos/20082504-expo_grand.jpg",,,,,NULL
"1639","photos/20082504-canape.jpg","photos/20082504-canape_grand.jpg",,,,,NULL
"1640","photos/20082704-mamanmonde.jpg","photos/20082704-mamanmonde_grand.jpg","photos/20082704-mamanmonde1_grand.jpg","photos/20082704-mamanmonde2_grand.jpg","photos/20082704-mamanmonde3_grand.jpg",,NULL
"1641","photos/20082804-printempsdeco.jpg","photos/20082804-printempsdeco_grand.jpg",,,,,NULL
"1642","photos/20082804-fnac.jpg","photos/20082804-fnac_grand.jpg",,,,,NULL
"1643","photos/20082904-theatre.jpg","photos/20082904-theatre_grand.jpg",,,,,NULL
"1644","photos/20082904-festival.jpg","photos/20082904-festival_grand.jpg",,,,,NULL
"1645","photos/20083004-htech.jpg","photos/20083004-htech_grand.jpg",,,,,NULL
"1646","photos/20083004-nuitsonore.jpg","photos/20083004-nuitsonore_grand.jpg",,,,,NULL
"1647","photos/20080205-cadreecran.jpg","photos/20080205-cadreecran_grand.jpg",,,,,NULL
"1648","photos/20080305-daucy.jpg","photos/20080305-daucy_grand.jpg",,,,,NULL
"1649","photos/20080305-nimes.jpg","photos/20080305-nimes_grand.jpg",,,,,NULL
"1650","photos/20080505-wiifitness.jpg","photos/20080505-wiifitness_grand.jpg",,,,,NULL
"1651","photos/20080305-arcachon.jpg","photos/20080305-arcachon_grand.jpg","photos/20080305-florence_grand.jpg",,,,NULL
"1652","photos/20080505-freezing.jpg","photos/20080505-freezing_grand.jpg",,,,,NULL
"1653","photos/20080605-fleurs.jpg","photos/20080605-fleurs_grand.jpg",,,,,NULL
"1654","photos/20080705-viedemerde.jpg","photos/20080705-viedemerde_grand.jpg",,,,,NULL
"1655","photos/20080805-sex&thecity.jpg","photos/20080805-sex&thecity1_grand.jpg","photos/20080805-sex&thecity5_grand.jpg","photos/20080805-sex&thecity6_grand.jpg","photos/20080805-sex&thecity7_grand.jpg",,NULL
"1656","photos/20080905-cathyguetta.jpg","photos/20080905-cathyguetta_grand.jpg",,,,,NULL
"1657","photos/20081105-hightech.jpg","photos/20081105-hightech_grand.jpg",,,,,NULL
"1658","photos/20081205-dauphine.jpg","photos/20081205-dauphine_grand.jpg",,,,,NULL
"1659","photos/20081205-happyspace.jpg","photos/20081205-happyspace_grand.jpg",,,,,NULL
"1660","photos/20081305-joursconges.jpg","photos/20081305-joursconges_grans.jpg",,,,,NULL
"1661","photos/20081205-livres.jpg","photos/20081205-livres_grand.jpg",,,,,NULL
"1662","photos/20081405-pierrejapon.jpg","photos/20081405-pierrejapon_grand.jpg",,,,,NULL
"1663","photos/20081505-fetemere.jpg","photos/20081505-fetemere_grand.jpg","photos/20081505-fetemere2_grand.jpg",,,,NULL
"1664","photos/20081505-microsoftµ.jpg","photos/20081505-microsoft_grand.jpg",,,,,NULL
"1665","photos/20081505-quaibranly.jpg","photos/20081505-quaibranly_grand.jpg",,,,,NULL
"1666","photos/20081605-alphabet.jpg","photos/20081605-alphabet_grand.jpg","photos/20081605-alphabet1_grand.jpg",,,,NULL
"1667","photos/20081605-sitesdeco.jpg","photos/20081605-sitesdeco_grand.jpg",,,,,NULL
"1668","photos/20081705-haruki.jpg","photos/20081705-haruki_grand.jpg",,,,,NULL
"1669","photos/20081905-dubai.jpg","photos/20081905-dubai_grand.jpg",,,,,NULL
"1670","photos/20081905-blackberry.jpg","photos/20081905-blackberry_grand.jpg",,,,,NULL
"1671","photos/20082005-kim-cattral.jpg","photos/20082005-kim-cattral_grand.jpg",,,,,NULL
"1672","photos/20082005-cannes.jpg","photos/20082005-cannes_grand.jpg",,,,,NULL
"1673","photos/20082105-vero.jpg","photos/20082105-vero_grand.jpg",,,,,NULL
"1674","photos/20082205-digitick.jpg","photos/20082205-digitick_grand.jpg",,,,,NULL
"1675","photos/20082205-ordi.jpg","photos/20082205-ordi-grand.jpg",,,,,NULL
"1676","photos/20082305-naturistes.jpg","photos/20082305-naturistes_grand.jpg",,,,,NULL
"1677","photos/20082405-livres.jpg","photos/20082405-livres_grand.jpg",,,,"photos/20082405-livres_petit.jpg",NULL
"1678","photos/20082405-trousseportable.jpg","photos/20082405-trousseportable_grand.jpg",,,,,NULL
"1679","photos/20082405-wimax.jpg","photos/20082405-wimax_grand.jpg",,,,,NULL
"1680","photos/20082605-festival.jpg","photos/20082605-festival_grand.jpg",,,,,NULL
"1681","photos/20082605-festivalcannes.jpg","photos/20082605-festivalcannes_grand.jpg","photos/20082605-festivalcannes1_grand.jpg","photos/20082605-festivalcannes2_grand.jpg","photos/20082605-festivalcannes3_grand.jpg",,NULL
"1682","photos/20082705-reveilmarie.jpg","photos/20082705-reveilmarie_grand.jpg",,,,,NULL
"1683","photos/20082805-deco.jpg","photos/20082805-deco_grand.jpg",,,,,NULL
"1684","photos/20082805-riverlimou.jpg","photos/20082805-riverlimou_grand.jpg","photos/20082805-riverlimou1_grand.jpg","photos/20082805-riverlimou2_grand.jpg",,,NULL
"1685","photos/20082805-sexinthecity.jpg","photos/20082805-sexinthecity_grand.jpg","photos/20082805-sexinthecity2_grand.jpg","photos/20082805-sexinthecity1_grand.jpg",,,NULL
"1686","photos/20082905-alcatel.jpg","photos/20082905-alcatel_grand.jpg",,,,,NULL
"1687","photos/20083005-musique.jpg","photos/20083005-musique_grand.jpg",,,,,NULL
"1688","photos/20083005-pile.jpg","photos/20083005-pile_grand.jpg",,,,,NULL
"1689","photos/20083105-motorola.jpg","photos/20083105-motorola_grand.jpg",,,,,NULL
"1690","photos/20080106-cleusb.jpg","photos/20080106-cleusb_grand.jpg",,,,,NULL
"1691","photos/20080306-juliendore.jpg","photos/20080306-juliendore_grand.jpg","photos/20080306-juliendore1_grand.jpg","photos/20080306-juliendore2_grand.jpg","photos/20080306-juliendore3_grand.jpg",,NULL
"1692","photos/20080406-revolver.jpg","photos/20080406-revolver_grand.jpg",,,,,NULL
"1693","photos/20080406-deco.jpg","photos/20080406-deco_grand.jpg",,,,,NULL
"1694","photos/20080506-expo.jpg","photos/20080506-expo_grand.jpg",,,,,NULL
"1695","photos/20080506-jeuvideo.jpg","photos/20080506-jeuvideo_grand.jpg",,,,"photos/20080506-jeuvideo_petit.jpg",NULL
"1696","photos/20080606-musso.jpg","photos/20080606-musso_grand.jpg","photos/20080606-musso1_grand.jpg",,,,NULL
"1697","photos/20080606-htech.jpg","photos/20080606-htech_grand.jpg",,,,,NULL
"1698","photos/20080906-oreillette.jpg","photos/20080906-oreillette_grand.jpg",,,,,NULL
"1699","photos/20080906-livre.jpg","photos/20080906-livre_grand.jpg",,,,,NULL
"1700","photos/20080906-yanndeparis.jpg","photos/20080906-yanndeparis_grand.jpg",,,,,NULL
"1701","photos/20081006-expokarl.jpg","photos/20081006-expokarl_grand.jpg",,,,,NULL
"1702","photos/20081106-coldplay.jpg","photos/20081106-coldplay_grand.jpg",,,,,NULL
"1703","photos/20081106-dome.jpg","photos/20081106-dome_grand.jpg",,,,,NULL
"1704","photos/20081206-expo.jpg","photos/20081206-expo_grand.jpg",,,,,NULL
"1705","photos/20081306-amandine.jpg","photos/20081306-amandine_grand.jpg","photos/20081306-amandine1_grand.jpg","photos/20081306-amandine2_grand.jpg",,,NULL
"1706","photos/20081306-deco.jpg","photos/20081306-deco_grand.jpg","photos/20081306-deco1_grand.jpg","photos/20081306-deco2_grand.jpg",,,NULL
"1707","photos/20081306-htech.jpg","photos/20081306-htech_grand.jpg",,,,,NULL
"1708","photos/20081406-encheres.jpg","photos/20081406-encheres_grand.jpg",,,,,NULL
"1709","photos/20081406-joachim.jpg","photos/20081406-joachim_grand.jpg",,,,,NULL
"1710","photos/20081606-futuroscope.jpg","photos/20081606-futuroscope_grand.jpg","photos/20081606-futuroscope1_grand.jpg",,,,NULL
"1711","photos/20081606-ordiportable.jpg","photos/20081606-ordiportable_grand.jpg",,,,,NULL
"1712","photos/20081706-massiliavintage.jpg","photos/20081706-massiliavintage_grand.jpg",,,,,NULL
"1713","photos/20081706-toileadn.jpg","photos/20081706-toileadn_grand.jpg",,,,,NULL
"1714","photos/20081806-booka.jpg","photos/20081806-booka1_grand.jpg","photos/20081806-booka_grand.jpg",,,,NULL
"1715","photos/20081896-eurockeennes.jpg","photos/20081896-eurockeennes_grand.jpg",,,,,NULL
"1716","photos/20081806-firefox.jpg","photos/20081806-firefox_grand.jpg",,,,"photos/20081806-firefox_petit.jpg",NULL
"1717","photos/20081906-sian.jpg","photos/20081906-sian_grand.jpg",,,,,NULL
"1718","photos/20081906-htech.jpg","photos/20081906-htech_grand.jpg","photos/20081906-htech1_grand.jpg",,,,NULL
"1719","photos/20081906-bobital.jpg","photos/20081906-bobital_grand.jpg",,,,,NULL
"1720","photos/20082106-nerd.jpg","photos/20082106-nerd_grand.jpg","photos/20082106-nerd1_grand.jpg",,,,NULL
"1721","photos/20082006-musiquefete.jpg","photos/20082006-musiquefete_grand.jpg",,,,,NULL
"1722","photos/20082306-grosseradio.jpg","photos/20082306-grosseradio_grand.jpg",,,,,NULL
"1723","photos/20082306-fetecine.jpg","photos/20082306-fetecine_grand.jpg",,,,,NULL
"1724","photos/20082306-lampenintendo.jpg","photos/20082306-lampenintendo_grand.jpg",,,,,NULL
"1725","photos/20082406-poker.jpg","photos/20082406-poker_grand.jpg",,,,"photos/20101701-poker_pt.jpg",NULL
"1726","photos/20082506-cathyguetta.jpg","photos/20082506-cathyguetta_grand.jpg",,,,,NULL
"1727","photos/20082506-victoria.jpg","photos/20082506-victoria_grand.jpg",,,,,NULL
"1728","photos/20082606-cashstore.jpg","photos/20082606-cashstore_grand.jpg",,,,,NULL
"1729","photos/20082606-residence.jpg","photos/20082606-residence_grand.jpg",,,,,NULL
"1730","photos/20082706-festi-jazz.jpg","photos/20082706-festi-jazz_grand.jpg","photos/20082706-festi-jazz2_grand.jpg",,,,NULL
"1731","photos/20083006-myfab.jpg","photos/20083006-myfab_grand.jpg",,,,,NULL
"1732","photos/20083006-terrasse.jpg","photos/20083006-terrasse_grand.jpg",,,,,NULL
"1733","photos/20080107-son.jpg","photos/20080107-son_grand.jpg",,,,,NULL
"1734","photos/20080107-artatelier.jpg","photos/20080107-artatelier_grand.jpg",,,,,NULL
"1735","photos/20080307-htechecolo.jpg","photos/20080307-htechecolo_grand.jpg",,,,"photos/20080307-htechecolo_petit.jpg",NULL
"1736","photos/20080307-terrasses.jpg","photos/20080307-terrasses_grand.jpg",,,,,NULL
"1737","photos/20080407-guideal.jpg","photos/20080407-guideal_grand.jpg",,,,,NULL
"1738","photos/20080607-cadaques.jpg","photos/20080607-cadaques_grand.jpg",,,,,NULL
"1739","photos/20080807-musilac.jpg","photos/20080807-musilac_grand.jpg","photos/20080807-nimes_grand.jpg",,,,NULL
"1740","photos/20080907-guetta.jpg","photos/20080907-guetta_grand.jpg","photos/20080907-guetta1_grand.jpg","photos/20080907-guetta2_grand.jpg",,,NULL
"1741","photos/20081007-galets.jpg","photos/20081007-galets_grand.jpg",,,,,NULL
"1742","photos/20081007-romanete.jpg","photos/20081007-romanete_grand.jpg",,,,,NULL
"1743","photos/20081107-htech.jpg","photos/20081107-htech_grand.jpg",,,,,NULL
"1744","photos/20081507-expo.jpg","photos/20081507-expo_grand.jpg","photos/20081507-expo1_grand.jpg","photos/20081507-expo2_grand.jpg",,,NULL
"1745","photos/20081707-grouperock.jpg","photos/20081707-grouperock_grand.jpg",,,,,NULL
"1747","photos/20082207-kiraz.jpg","photos/20082207-kiraz_grand.jpg",,,,,NULL
"1748","photos/20083007-design.jpg","photos/20083007-design_grand.jpg",,,,,NULL
"1749","photos/20083107-hightech.jpg","photos/20083107-hightech_grand.jpg","photos/20083107-hightech1_grand.jpg",,,,NULL
"1750","photos/20080308-livre.jpg","photos/20080308-livre_grand.jpg",,,,,NULL
"1751","photos/20080508-iphone.jpg","photos/20080508-iphone_grand.jpg",,,,,NULL
"1752","photos/20080508-qype.jpg","photos/20080508-qype_grand.jpg",,,,,NULL
"1753","photos/20080608-barhightech.jpg","photos/20080608-barhightech_grand.jpg",,,,,NULL
"1754","photos/20080608-livre.jpg","photos/20080608-livre_grand.jpg",,,,,NULL
"1755","photos/20080808-chambrecouple.jpg","photos/20080808-chambrecouple_grand.jpg",,,,"photos/20080808-chambrecouple_petit.jpg",NULL
"1756","photos/20080808-liliallen.jpg","photos/20080808-liliallen_grand.jpg",,,,,NULL
"1757","photos/20081108-expo.jpg","photos/20081108-expo_grand.jpg","photos/20081108-expo1_grand.jpg",,,,NULL
"1758","photos/20080608-unmaridetrop.jpg","photos/20080608-unmaridetrop_grand.jpg","photos/20080608-unmaridetrop1_grand.jpg",,,,NULL
"1759","photos/20081908-dell.jpg","photos/20081908-dell_grand.jpg","photos/20081908-dell1_grand.jpg",,,,NULL
"1760","photos/20081408-hightech.jpg","photos/20081408-hightech_grand.jpg","photos/20081408-hightech1_grand.jpg","photos/20081408-hightech2_grand.jpg","photos/20081408-hightech3_grand.jpg",,NULL
"1761","photos/20081408-christy.jpg","photos/20081408-christy_grand.jpg",,,,,NULL
"1762","photos/20081908-expos.jpg","photos/20081908-expos_grand.jpg",,,,,NULL
"1763","photos/20082008-eaux.jpg","photos/20082008-eaux_grand.jpg",,,,,NULL
"1764","photos/20082407-sitegrosse.jpg","photos/20082407-sitegrosse_grand.jpg",,,,,NULL
"1765","photos/20082508-decorentree.jpg","photos/20082508-decorentree_grand.jpg",,,,"photos/20082508-decorentree_petit.jpg",NULL
"1766","photos/20082708-bonnesoeur.jpg","photos/20082708-bonnesoeur_grand.jpg",,,,,NULL
"1767","photos/20082808-bigannuaire.jpg","photos/20082808-bigannuaire_grand.jpg",,,,"photos/20082808-bigannuaire_petit.jpg",NULL
"1768","photos/20080109-voyages.jpg","photos/20080109-voyages_grand.jpg","photos/20080109-voyages1_grand.jpg","photos/20080109-voyages2_grand.jpg",,,NULL
"1769","photos/20080208-voyages.jpg","photos/20080208-voyages_grand.jpg","photos/20080208-voyages1_grand.jpg","photos/20080208-voyages2_grand.jpg","photos/20080208-voyages3_grand.jpg",,NULL
"1770","photos/20080209-ampoule.jpg","photos/20080209-ampoule_grand.jpg",,,,"photos/20080209-ampoule_petit.jpg",NULL
"1771","photos/20080209-ordi.jpg","photos/20080209-ordi_grand.jpg",,,,,NULL
"1772","photos/20080409-google.jpg","photos/20080409-google_grand.jpg",,,,"photos/20080409-google_petit.jpg",NULL
"1773","photos/20080409-intelligencestress.jpg","photos/20080409-intelligencestress_grand.jpg",,,,,NULL
"1774","photos/20080608-eco.jpg","photos/20080608-eco_grand.jpg",,,,,NULL
"1775","photos/20080809-julienp.jpg","photos/20080809-julienp_grand.jpg",,,,,NULL
"1776","photos/20080709-casque.jpg","photos/20080709-casque_grand.jpg",,,,"photos/20080709-casque_petit.jpg",NULL
"1777","photos/20080809-jeuvideo.jpg","photos/20080809-jeuvideo_grand.jpg",,,,,NULL
"1778","photos/20080909-madonna.jpg","photos/20080909-madonna_grand.jpg",,,,,NULL
"1779","photos/20081009-jazz.jpg","photos/20081009-jazz_grand.jpg",,,,,NULL
"1780","photos/20081209-gossip.jpg","photos/20081209-gossip_grand.jpg",,,,"photos/20081209-gossip_petit.jpg",NULL
"1781","photos/20081209-ipod.jpg","photos/20081209-ipod_grand.jpg",,,,"photos/20081209-ipod_petit.jpg",NULL
"1782","photos/20081509-theatre.jpg","photos/20081509-theatre_grand.jpg",,,,"photos/20081509-theatre_petit.jpg",NULL
"1783","photos/20081609-dansevitrine.jpg","photos/20081609-dansevitrine_grand.jpg",,,,,NULL
"1784","photos/20081709-bureau.jpg","photos/20081709-bureau_grand.jpg",,,,"photos/20081709-bureau_petit.jpg",NULL
"1785","photos/20081809-ordisante.jpg","photos/20081809-ordisante_grand.jpg",,,,"photos/20081809-ordisante_petit.jpg",NULL
"1786","photos/20081908-virginite.jpg","photos/20081908-virginite_grand.jpg",,,,,NULL
"1787","photos/20082009-rabbijacob.jpg","photos/20082009-rabbijacob_grand.jpg",,,,,NULL
"1788","photos/20082009-leconmaquillage.jpg","photos/20082009-leconmaquillage_grand.jpg",,,,"photos/20082009-leconmaquillage_petit.jpg",NULL
"1789","photos/20082109-nora.jpg","photos/20082109-nora_grand.jpg",,,,,NULL
"1790","photos/20082109-pourlesnulles.jpg","photos/20082109-pourlesnulles_grand.jpg",,,,"photos/20082109-pourlesnulles_petit.jpg",NULL
"1791","photos/20082109-geekettes.jpg","photos/20082109-geekettes_grand.jpg","photos/20082109-geekettes1_grand.jpg","photos/20082109-geekettes2_grand.jpg",,,NULL
"1792","photos/20082509-koste.jpg","photos/20082509-koste_grand.jpg",,,,,NULL
"1793","photos/20082509-platine.jpg","photos/20082509-platine_grand.jpg",,,,,NULL
"1794","photos/20082609-pcintel.jpg","photos/20082609-pcintel_grand.jpg",,,,"photos/20082609-pcintel_petit.jpg",NULL
"1795","photos/20082609-voitureecolo.jpg","photos/20082609-voitureecolo_grand.jpg",,,,"photos/20082609-voitureecolo_petit.jpg",NULL
"1796","photos/20082709-vintage.jpg","photos/20082709-vintage_grand.jpg",,,,,NULL
"1797","photos/20082809-sarabareilles.jpg","photos/20082809-sarabareilles_grand.jpg",,,,,NULL
"1798","photos/20082909-portable.jpg","photos/20082909-portable_grand.jpg",,,,,NULL
"1799","photos/20080110-sport.jpg","photos/20082909-sportfiler_grand.jpg",,,,,NULL
"1800","photos/20082909-montrehightech.jpg","photos/20082909-montrehightech_grand.jpg",,,,,NULL
"1801","photos/20080110-expo.jpg","photos/20080110-expo_grand.jpg",,,,,NULL
"1802","photos/20080210-cocochanel.jpg","photos/20080210-cocochanel_grand.jpg",,,,,NULL
"1803","photos/20080310-ordivaio.jpg","photos/20080310-ordivaio_grand.jpg",,,,"photos/20080310-ordivaio_petit.jpg",NULL
"1804","photos/20080310-nanas.jpg","photos/20080310-nanas_grand.jpg",,,,,NULL
"1805","photos/20080610-googletel.jpg","photos/20080610-googletel_grand.jpg",,,,,NULL
"1806","photos/20080610-monticelli.jpg","photos/20080610-monticelli_grand.jpg",,,,,NULL
"1807","photos/20080610-deco.jpg","photos/20080610-deco_grand.jpg",,,,"photos/20080610-deco_petit.jpg",NULL
"1808","photos/20080810-telethon.jpg","photos/20080810-telethon_grand.jpg",,,,"photos/20080810-telethon_petit.jpg",NULL
"1809","photos/20080810-fridas.jpg","photos/20080810-fridas_grand.jpg",,,,,NULL
"1810","photos/20080910-deconature.jpg","photos/20080910-deconature_grand.jpg",,,,"photos/20080910-deconature_petit.jpg",NULL
"1811","photos/20080810-sloggi.jpg","photos/20080810-sloggi_grand.jpg",,,,,NULL
"1812","photos/20080910-femmesmoches.jpg","photos/20080910-femmesmoches_grand.jpg",,,,,NULL
"1813","photos/20081010-avon.jpg","photos/20081010-avon_grand.jpg",,,,,NULL
"1814","photos/20081010-telephone.jpg","photos/20081010-telephone_grand.jpg",,,,,NULL
"1815","photos/20081208-sitebio.jpg","photos/20081208-sitebio_grand.jpg",,,,"photos/20081208-sitebio_petit.jpg",NULL
"1816","photos/2008-voituredenana.jpg","photos/2008-voituredenana_grand.jpg",,,,,NULL
"1817","photos/20081410-maladies.jpg","photos/20081410-maladies_grand.jpg",,,,,NULL
"1818","photos/20081410-culture.jpg","photos/20081410-culture_grand.jpg",,,,,NULL
"1819","photos/20081410-storm.jpg","photos/20081410-storm_grand.jpg",,,,,NULL
"1820","photos/20081710-junepla.jpg","photos/20081710-junepla_grand.jpg",,,,,NULL
"1821","photos/20081710-housseportable.jpg","photos/20081710-housseportable_grand.jpg",,,,,NULL
"1822","photos/20081810-fiesta.jpg","photos/20081810-fiesta_grand.jpg",,,,,NULL
"1823","photos/2008-robemariee.jpg","photos/2008-robemariee_grand.jpg",,,,,NULL
"1824","photos/20082110-maman.jpg","photos/20082110-maman_grand.jpg",,,,"photos/20082110-maman_petit.jpg",NULL
"1825","photos/20082110-radiowifi.jpg","photos/20082110-radiowifi_grand.jpg",,,,,NULL
"1826","photos/20082110-theatre.jpg","photos/20082110-theatre_grand.jpg",,,,,NULL
"1827","photos/20082110-gainsbourg.jpg","photos/20082110-gainsbourg_grand.jpg",,,,,NULL
"1828","photos/20082310-pop.jpg","photos/20082310-pop_grand.jpg",,,,,NULL
"1829","photos/20082310-ondes.jpg","photos/20082310-ondes_grand.jpg",,,,"photos/20082310-ondes_petit.jpg",NULL
"1830","photos/20082310-streetview.jpg","photos/20082310-streetview_grand.jpg",,,,"photos/20082310-streetview_petit.jpg",NULL
"1831","photos/20082310-musique.jpg","photos/20082310-musique_grand.jpg",,,,,NULL
"1832","photos/20082510-amour.jpg","photos/20082510-amour_grand.jpg",,,,,NULL
"1833","photos/20082510-halloween.jpg","photos/20082510-halloween_grand.jpg",,,,,NULL
"1834","photos/20082510-motorola.jpg","photos/20082510-motorola_grand.jpg",,,,"photos/20082510-motorola_petit.jpg",NULL
"1835","photos/20082510-espacemax.jpg","photos/20082510-espacemax_grand.jpg",,,,,NULL
"1836","photos/20082610-nouvellesducoeur.jpg","photos/20082610-nouvellesducoeur_grand.jpg",,,,,NULL
"1837","photos/20082910-cancer.jpg","photos/20082910-cancer_grand.jpg","photos/20082910-cancer1_grand.jpg",,,,NULL
"1838","photos/20082910-sony.jpg","photos/20082910-sony_grand.jpg",,,,"photos/20082910-sony_petit.jpg",NULL
"1839","photos/20083110-cybermonday.jpg","photos/20083110-cybermonday_grand.jpg",,,,"photos/20083110-cybermonday_petit.jpg",NULL
"1840","photos/20083110-clegirly.jpg","photos/20083110-clegirly_grand.jpg",,,,"photos/20083110-clegirly_petit.jpg",NULL
"1841","photos/20082910-monagrid2.jpg","photos/20082910-monagrid_grand.jpg","photos/20082910-monagrid1_grand.jpg","photos/20082910-monagrid2_grand.jpg",,,NULL
"1842","photos/20080111-dirtysexymoney.jpg","photos/20080111-dirtysexymoney_grand.jpg",,,,,NULL
"1843","photos/20080411-hightech.jpg","photos/20080411-hightech_grand.jpg","photos/20080411-hightech1_grand.jpg","photos/20080411-hightech-1_grand.jpg",,,NULL
"1844","photos/20080411-mensongesdetat.jpg","photos/20080411-mensongesdetat_grand.jpg","photos/20080411-mensongesdetat1_grand.jpg","photos/20080411-mensongesdetat2_grand.jpg","photos/20080411-mensongesdetat3_grand.jpg",,NULL
"1845","photos/20080511-obama.jpg","photos/20080511-obama_grand.jpg",,,,,NULL
"1846","photos/20080611-filmfestival.jpg","photos/20080611-filmfestival_grand.jpg",,,,,NULL
"1847","photos/20080711-perrier.jpg","photos/20080711-perrier_grand.jpg",,,,"photos/20080711-perrier_petit.jpg",NULL
"1848","photos/20080711-fengshui.jpg","photos/20080711-fengshui_grand.jpg","photos/20080711-fengshui1_grand.jpg",,,,NULL
"1849","photos/20080711-vaio.jpg","photos/20080711-vaio_grand.jpg",,,,"photos/20080711-vaio_petit.jpg",NULL
"1850","photos/20080711-rsp.jpg","photos/20080711-rsp_grand.jpg",,,,,NULL
"1851","photos/20080711-domadoo.jpg","photos/20080711-domadoo_grand.jpg",,,,,NULL
"1852","photos/20081011-sauna.jpg","photos/20081011-sauna_grand.jpg",,,,,NULL
"1853","photos/20081111-decoanna.jpg","photos/20081111-decoanna_grand.jpg",,,,"photos/20081111-decoanna_petit.jpg",NULL
"1854","photos/20081311-livre.jpg","photos/20080711-livre_grand.jpg",,,,,NULL
"1855","photos/20081211-enfance.jpg","photos/20081211-enfance_grand.jpg",,,,,NULL
"1856","photos/20081311-sensuality.jpg","photos/20081311-sensuality_grand.jpg",,,,,NULL
"1857","photos/20081311-artnumerique.jpg","photos/20081311-artnumerique_grand.jpg",,,,,NULL
"1858","photos/20081511-dna.jpg","photos/20081511-dna_grand.jpg",,,,,NULL
"1859","photos/20081611-soeur.jpg","photos/20081611-soeur_grand.jpg",,,,,NULL
"1860","photos/20081711-wiimusic.jpg","photos/20081711-wiimusic_grand.jpg",,,,,NULL
"1861","photos/20081711-locavores.jpg","photos/20081711-locavores_grand.jpg",,,,"photos/20081711-locavores_petit.jpg",NULL
"1862","photos/20081811-boite.jpg","photos/20081811-boite_grand.jpg",,,,"photos/20081811-boite_petit.jpg",NULL
"1863","photos/20081711-violencefemmes.jpg","photos/20081711-violencefemmes_grand.jpg",,,,,NULL
"1864","photos/20081711-fesses.jpg","photos/20081711-fesses_grand.jpg",,,,"photos/20081711-fesses_petit.jpg",NULL
"1865","photos/20081711-sarenza.jpg","photos/20081711-sarenza_grand.jpg",,,,"photos/20081711-sarenza_petit.jpg",NULL
"1866","photos/20082111-tremblezdjs.jpg","photos/20082111-tremblezdjs_grand.jpg",,,,"photos/20082111-tremblezdjs_petit.jpg",NULL
"1867","photos/20082311-lecture.jpg","photos/20082311-lecture_grand.jpg",,,,"photos/20082311-lecture_petit.jpg",NULL
"1868","photos/20082811-Satc.jpg","photos/20082811-Satc_grand.jpg",,,,"photos/20082811-Satc_petit.jpg",NULL
"1869","photos/20082511-science.jpg","photos/20082511-science_grand.jpg",,,,"photos/20082511-science_petit.jpg",NULL
"1870","photos/20082611-eyeka.jpg","photos/20082611-eyeka_grand.jpg",,,,"photos/20082611-eyeka_petit.jpg",NULL
"1871","photos/20082611-anais.jpg","photos/20082611-anais_grand.jpg",,,,"photos/20082611-anais_petit.jpg",NULL
"1872","photos/20082711-tir.jpg","photos/20082711-tir_grand.jpg",,,,"photos/20082711-tir_petit.jpg",NULL
"1873","photos/20082711-etuior.jpg","photos/20082711-etuior_grand.jpg",,,,"photos/20082711-etuior_petit.jpg",NULL
"1874","photos/20082711-expostates.jpg","photos/20082711-expostates_grand.jpg",,,,"photos/20082711-expostates_petit.jpg",NULL
"1875","photos/20082711-jlscotto.jpg","photos/20082711-jlscotto_grand.jpg","photos/20082711-jlscotto1_grand.jpg","photos/20082711-jlscotto2_grand.jpg",,"photos/20082711-jlscotto_petit.jpg",NULL
"1876","photos/20082811-guerilla.jpg","photos/20082811-guerilla_grand.jpg",,,,,NULL
"1877","photos/20082911-vacanceo.jpg","photos/20082911-vacanceo_grand.jpg",,,,"photos/20082911-vacanceo_petit.jpg",NULL
"1878","photos/20080112-sida.jpg","photos/20080112-sida_grand.jpg","photos/20080112-sida1_grand.jpg",,,"photos/20080112-sida_petit.jpg",NULL
"1879","photos/20080212-deco.jpg","photos/20080212-deco_grand.jpg","photos/20080212-deco1_grand.jpg","photos/20080212-deco2_grand.jpg",,"photos/20080212-deco_petit.jpg",NULL
"1880","photos/20080212-lesvalseuses.jpg","photos/20080212-lesvalseuses_grand.jpg",,,,"photos/20080212-lesvalseuses_petit.jpg",NULL
"1881","photos/20080312-toprural.jpg","photos/20080312-toprural_grand.jpg",,,,"photos/20080312-toprural_petit.jpg",NULL
"1882","photos/20080312-soireelup.jpg","photos/20080312-soireelup_grand.jpg",,,,"photos/20080312-soireelup_petit.jpg",NULL
"1883","photos/20080412-cacharel.jpg","photos/20080412-cacharel_grand.jpg",,,,"photos/20080412-cacharel_petit.jpg",NULL
"1884","photos/20080412-sites.jpg","photos/20080412-sites_grand.jpg",,,,"photos/20080412-sites_petit.jpg",NULL
"1885","photos/20080612-eaux.jpg","photos/20080612-eaux_grand.jpg",,,,"photos/20080612-eaux_grand.jpg",NULL
"1886","photos/20080812-decocadeaux.jpg","photos/20080812-decocadeaux_grand.jpg",,,,"photos/20080812-decocadeaux_petit.jpg",NULL
"1887","photos/20080912-cadeauxhtech.jpg","photos/20080912-cadeauxhtech_grand.jpg","photos/20080912-cadeauxhtech1_grand.jpg","photos/20080912-cadeauxhtech2_grand.jpg","photos/20080912-cadeauxhtech3_grand.jpg","photos/20080912-cadeauxhtech_petit.jpg",NULL
"1888","photos/20080912-cadeauxenfants.jpg","photos/20080912-cadeauxenfants_grand.jpg",,,,"photos/20080912-cadeauxenfants_petit.jpg",NULL
"1889","photos/20081012-portemanteaux.jpg","photos/20081012-portemanteaux_grand.jpg","photos/20081012-portemanteaux1_grand.jpg",,,"photos/20081012-portemanteaux_petit.jpg",NULL
"1890","photos/20081012-fnac.jpg","photos/20081012-fnac_grand.jpg",,,,"photos/20081012-fnac_petit.jpg",NULL
"1891","photos/20081012-cleusb.jpg","photos/20081012-cleusb_grand.jpg",,,,"photos/20081012-cleusb_petit.jpg",NULL
"1892","photos/20081112-sonystyle.jpg","photos/20081112-sonystyle_grand.jpg","photos/20081112-sonystyle1_grand.jpg",,,"photos/20081112-sonystyle_petit.jpg",NULL
"1893","photos/20081112-lyonlumieres.jpg","photos/20081112-lyonlumieres_grand.jpg","photos/20081112-lyonlumieres1_grand.jpg",,,"photos/20081112-lyonlumieres_petit.jpg",NULL
"1894","photos/20081312-hightech.jpg","photos/20081312-hightech_grand.jpg",,,,"photos/20081312-hightech_petit.jpg",NULL
"1895","photos/20081312-2009.jpg","photos/20081312-2009_grand.jpg",,,,"photos/20081312-2009_petit.jpg",NULL
"1896","photos/20081612-cadeaunoel.jpg","photos/20081612-cadeaunoel_grand.jpg",,,,,NULL
"1897","photos/20081712-myday.jpg","photos/20081712-myday_grand.jpg",,,,"photos/20081712-myday_petit.jpg",NULL
"1898","photos/20081712-artween.jpg","photos/20081712-artween_grand.jpg",,,,"photos/20081712-artween_petit.jpg",NULL
"1899","photos/20081812-sapin.jpg","photos/20081812-sapin_grand.jpg",,,,"photos/20081812-sapin_petit.jpg",NULL
"1900","photos/20081812-platine.jpg","photos/20081812-platine_grand.jpg",,,,"photos/20081812-platine_petit.jpg",NULL
"1901","photos/20081912-verecette.jpg","photos/20081912-verecette_grand.jpg",,,,"photos/20081912-verecette_petit.jpg",NULL
"1902","photos/20081912-ordigirly.jpg","photos/20081912-ordigirly_grand.jpg",,,,"photos/20081912-ordigirly_petit.jpg",NULL
"1903","photos/20082112-conso.jpg","photos/20082112-conso_grand.jpg",,,,"photos/20082112-conso_petit.jpg",NULL
"1904","photos/20082112-hellokitty.jpg","photos/20082112-hellokitty_grand.jpg",,,,"photos/20082112-hellokitty_petit.jpg",NULL
"1905","photos/20082212-stars.jpg","photos/20082212-stars_grand.jpg",,,,"photos/20082212-stars_grand.jpg",NULL
"1906","photos/20082312-nageur.jpg","photos/20082312-nageur_grand.jpg",,,,"photos/20082312-nageur_petit.jpg",NULL
"1907","photos/20082312-disney.jpg","photos/20082312-disney_grand.jpg",,,,"photos/20082312-disney_petit.jpg",NULL
"1908","photos/20082612-savoie.jpg","photos/20082612-savoie_grand.jpg",,,,"photos/20082612-savoie_petit.jpg",NULL
"1909","photos/20082912-cleusb.jpg","photos/20082912-cleusb_grand.jpg",,,,"photos/20082912-cleusb_petit.jpg",NULL
"1910","photos/20090101-alcool.jpg","photos/20090101-alcool_grand.jpg",,,,"photos/20090101-alcool_petit.jpg",NULL
"1911","photos/20090201-listen.jpg","photos/20090201-listen_grand.jpg","photos/20090201-listen1_grand.jpg",,,"photos/20090201-listen_petit.jpg",NULL
"1912","photos/20080501-machine.jpg","photos/20080501-machine_grand.jpg",,,,"photos/20080501-machine_petit.jpg",NULL
"1913","photos/20090602-lenco.jpg","photos/20090602-lenco_grand.jpg",,,,"photos/20090602-lenco_petit.jpg",NULL
"1914","photos/20090901-natiloo.jpg","photos/20090901-natiloo_grand.jpg",,,,"photos/20090901-natiloo_petit.jpg",NULL
"1915","photos/20091201-robesfr.jpg","photos/20091201-robesfr_grand.jpg",,,,"photos/20091201-robesfr_petit.jpg",NULL
"1916","photos/20091301-nabaz.jpg","photos/20091301-nabaz_grand.jpg",,,,"photos/20091301-nabaz_petit.jpg",NULL
"1917","photos/20091201-brazilians.jpg","photos/20091201-brazilians_grand.jpg",,,,"photos/20091201-brazilians_petit.jpg",NULL
"1918","photos/20091401-deco70s.jpg","photos/20091401-deco70s_grand.jpg","photos/20091401-deco70s1_grand.jpg",,,"photos/20091401-deco70s_petit.jpg",NULL
"1919","photos/20091401-solive.jpg","photos/20091401-solive_grand.jpg",,,,"photos/20091401-solive_petit.jpg",NULL
"1920","photos/20091801-gravissimo.jpg","photos/20091801-gravissimo_grand.jpg",,,,"photos/20091801-gravissimo_petit.jpg",NULL
"1921","photos/20091901-p&v.jpg","photos/20091901-p&v_grand.jpg",,,,,NULL
"1922","photos/20091901-myskinzz.jpg","photos/20091901-myskinzz_grand.jpg","photos/20091901-myskinzz1_grand.jpg","photos/20091901-myskinzz2_grand.jpg",,"photos/20091901-myskinzz_petit.jpg",NULL
"1923","photos/20091901-musique.jpg","photos/20091901-musique_grand.jpg",,,,"photos/20091901-musique_petit.jpg",NULL
"1924","photos/20091901-culture.jpg","photos/20091901-culture_grand.jpg",,,,"photos/20091901-culture_petit.jpg",NULL
"1925","photos/20092001-obama.jpg","photos/20092001-obama_grand.jpg",,,,,NULL
"1926","photos/20092101-theclub.jpg","photos/20092101-theclub_grand.jpg",,,,"photos/20092101-theclub_petit.jpg",NULL
"1927","photos/20092101-lecture.jpg","photos/20092101-lecture_grand.jpg","photos/20092101-lecture1_grand.jpg","photos/20092101-lecture2_grand.jpg",,"photos/20092101-lecture_petit.jpg",NULL
"1928","photos/20092301-nanadumois.jpg","photos/20092301-nanadumois_grand.jpg",,,,"photos/20092301-nanadumois_petit.jpg",NULL
"1929","photos/20092301-espions.jpg","photos/20092301-espions_grand.jpg",,,,,NULL
"1930","photos/20092401-sitesacs.jpg","photos/20092401-sitesacs_grand.jpg",,,,"photos/20092401-sitesacs_petit.jpg",NULL
"1931","photos/20092501-sitebienetre.jpg","photos/20092501-sitebienetre_grand.jpg",,,,"photos/20092501-sitebienetre_petit.jpg",NULL
"1932","photos/20092601-facebook.jpg","photos/20092601-facebook_grand.jpg",,,,"photos/20092601-facebook_petit.jpg",NULL
"1933","photos/20092601-hightech.jpg","photos/20092601-hightech_grand.jpg","photos/20092601-hightech1_grand.jpg","photos/20092601-hightech2_grand.jpg","photos/20092601-hightech3_grand.jpg","photos/20092601-hightech_petit.jpg",NULL
"1934","photos/20092701-cleopatre.jpg","photos/20092701-cleopatre_grand.jpg",,,,"photos/20092701-cleopatre_petit.jpg",NULL
"1935","photos/20092801-zilok.jpg","photos/20092801-zilok_grand.jpg",,,,"photos/20092801-zilok_petit.jpg",NULL
"1936","photos/20092801-sia.jpg","photos/20092801-sia_grand.jpg",,,,"photos/20092801-sia_petit.jpg",NULL
"1937","photos/20092901-musique.jpg","photos/20092901-musique_grand.jpg",,,,"photos/20092901-musique_petit.jpg",NULL
"1938","photos/20093101-picasso.jpg","photos/20093101-picasso_grand.jpg",,,,"photos/20093101-picasso_petit.jpg",NULL
"1939","photos/20090102-playtime.jpg","photos/20090102-playtime_grand.jpg",,,,"photos/20090102-playtime_petit.jpg",NULL
"1940","photos/20090102-leonidasstval.jpg","photos/20090102-leonidasstval_grand.jpg",,,,,NULL
"1941","photos/20090102-cine.jpg","photos/20090102-cine_grand.jpg","photos/20090102-cine2_grand.jpg",,,"photos/20090102-cine_petit.jpg",NULL
"1942","photos/20092901-meccool.jpg","photos/20092901-meccool_grand.jpg",,,,"photos/20092901-meccool_petit.jpg",NULL
"1943","photos/20090301-mp3.jpg","photos/20090301-mp3_grand.jpg",,,,"photos/20090301-mp3_petit.jpg",NULL
"1944","photos/20090402-poupees.jpg","photos/20090402-poupees_grand.jpg",,,,"photos/20090402-poupees_petit.jpg",NULL
"1945","photos/20090502-cartestval.jpg","photos/20090502-cartestval_grand.jpg",,,,"photos/20090502-cartestval_petit.jpg",NULL
"1946","photos/20092901-stvalentincadeau.jpg","photos/20092901-stvalentincadeau_grand.jpg",,,,"photos/20092901-stvalentincadeau_petit.jpg",NULL
"1947","photos/20090602-reinesdesconnes.jpg","photos/20090602-reinesdesconnes_grand.jpg",,,,"photos/20090602-reinesdesconnes_petit.jpg",NULL
"1948","photos/20090802-sony.jpg","photos/20090802-sony_grand.jpg",,,,"photos/20090802-sony_petit.jpg",NULL
"1949","photos/20090802-brokenheart.jpg","photos/20090802-brokenheart_grand.jpg",,,,"photos/20090802-brokenheart_petit.jpg",NULL
"1950","photos/20091002-dita.jpg","photos/20091002-dita_grand.jpg",,,,"photos/20091002-dita_petit.jpg",NULL
"1951","photos/20091002-habitat.jpg","photos/20091002-habitat_grand.jpg",,,,"photos/20091002-habitat_petit.jpg",NULL
"1952","photos/20091102-cadostval.jpg","photos/20091102-cadostval_grand.jpg",,,,"photos/20091102-cadostval_petit.jpg",NULL
"1953","photos/20091002-revuegentry.jpg","photos/20091002-revuegentry_grand.jpg",,,,"photos/20091002-revuegentry_petit.jpg",NULL
"1954","photos/20091302-cadostval.jpg","photos/20091302-cadostval_grand.jpg","photos/20091302-cadostval1_grand.jpg","photos/20091302-cadostval3_grand.jpg","photos/20091302-cadostval2_grand.jpg","photos/20091302-cadostval_petit.jpg",NULL
"1955","photos/20090802-bus.jpg","photos/20090802-bus_grand.jpg",,,,"photos/20090802-bus_petit.jpg",NULL
"1956","photos/20091302-soireeetoiles.jpg","photos/20091302-soireeetoiles_grand.jpg",,,,"photos/20091302-soireeetoiles_petit.jpg",NULL
"1957","photos/20091402-livrestval.jpg","photos/20091402-livrestval_grand.jpg",,,,"photos/20091402-livrestval_petit.jpg",NULL
"1958","photos/20091602-marine.jpg","photos/20091602-marine_grand.jpg",,,,"photos/20091602-marine_petit.jpg",NULL
"1959","photos/20091702-skinanas.jpg","photos/20091702-skinanas_grand.jpg",,,,"photos/20091702-skinanas_petit.jpg",NULL
"1960","photos/20092002-blogbd.jpg","photos/20092002-blogbd_grand.jpg",,,,"photos/20092002-blogbd_petit.jpg",NULL
"1961","photos/20092002-seagate.jpg","photos/20092002-seagate_grand.jpg",,,,"photos/20092002-seagate_petit.jpg",NULL
"1962","photos/20092102-alesha.jpg","photos/20092102-alesha_grand.jpg",,,,"photos/20092102-alesha_petit.jpg",NULL
"1963","photos/20092302-davidlachapelle.jpg","photos/20092302-davidlachapelle_grand.jpg",,,,"photos/20092302-davidlachapelle_petit.jpg",NULL
"1964","photos/20092402-gentry.jpg","photos/20092402-gentry_grand.jpg","photos/20092402-gentry1_grand.jpg","photos/20092402-gentry2_grand.jpg","photos/20092402-gentry3_grand.jpg","photos/20092402-gentry_petit.jpg",NULL
"1965","photos/20092402-solive.jpg","photos/20092402-solive_grand.jpg",,,,"photos/20092402-solive_grand.jpg",NULL
"1966","photos/20092602-sophie.jpg","photos/20092602-sophie_grand.jpg",,,,"photos/20092602-sophie_petit.jpg",NULL
"1967","photos/20092702-vaio.jpg","photos/20092702-vaio_grand.jpg",,,,"photos/20092702-vaio_petit.jpg",NULL
"1968","photos/20092702-gdmere.jpg","photos/20092702-gdmere_grand.jpg",,,,"photos/20092702-gdmere_petit.jpg",NULL
"1969","photos/20092802-danse.jpg","photos/20092802-danse_grand.jpg",,,,"photos/20092802-danse_petit.jpg",NULL
"1970","photos/20090203-fetefemmes.jpg","photos/20090203-fetefemmes_grand.jpg",,,,"photos/20090203-fetefemmes_petit.jpg",NULL
"1971","photos/20090203-greenpod.jpg","photos/20090203-greenpod_grand.jpg",,,,"photos/20090203-greenpod_petit.jpg",NULL
"1972","photos/20090203-insolite.jpg","photos/20090203-insolite_grand.jpg","photos/20090203-insolite1_grand.jpg","photos/20090203-insolite2_grand.jpg",,"photos/20090203-insolite_petit.jpg",NULL
"1973","photos/20090403-theatre.jpg","photos/20090403-theatre_grand.jpg",,,,"photos/20090403-theatre_petit.jpg",NULL
"1974","photos/20090403-agriculture.jpg","photos/20090403-agriculture_grand.jpg",,,,"photos/20090403-agriculture_petit.jpg",NULL
"1975","photos/20090503-danse.jpg","photos/20090503-danse_grand.jpg",,,,"photos/20090503-danse_petit.jpg",NULL
"1976","photos/20090903-barbie.jpg","photos/20090903-barbie_grand.jpg",,,,"photos/20090903-barbie_petit.jpg",NULL
"1977","photos/20090903-ski.jpg","photos/20090903-ski_grand.jpg",,,,"photos/20090903-ski_petit.jpg",NULL
"1978","photos/20092402-deco.jpg","photos/20092402-deco_grand.jpg",,,,"photos/20092402-deco_petit.jpg",NULL
"1979","photos/20091109-lecture.jpg","photos/20091109-lecture_grand.jpg","photos/20091109-lecture1_grand.jpg","photos/20091109-lecture2_grand.jpg",,"photos/20091109-lecture_petit.jpg",NULL
"1980","photos/20091303-livres.jpg","photos/20091303-livres_grand.jpg","photos/20091303-livres1_grand.jpg","photos/20091303-livres2_grand.jpg","photos/20091303-livres3_grand.jpg","photos/20091303-livres_petit.jpg",NULL
"1981","photos/20091303-obama.jpg","photos/20091303-obama_grand.jpg",,,,"photos/20091303-obama_petit.jpg",NULL
"1982","photos/20091303-lumieres.jpg","photos/20091303-lumieres_grand.jpg",,,,"photos/20091303-lumieres_petit.jpg",NULL
"1983","photos/20091503-wahrol.jpg","photos/20091503-wahrol_grand.jpg",,,,"photos/20091503-wahrol_petit.jpg",NULL
"1984","photos/20091503-site.jpg","photos/20091503-site_grand.jpg",,,,"photos/20091503-site_petit.jpg",NULL
"1985","photos/20091603-hightech.jpg","photos/20091603-hightech_grand.jpg",,,,"photos/20091603-hightech_petit.jpg",NULL
"1986","photos/20091603-flashback.jpg","photos/20091603-flashback_grand.jpg","photos/20091603-flashback1_grand.jpg",,,"photos/20091603-flashback_petit.jpg",NULL
"1987","photos/20091603-michael.jpg","photos/20091603-michael_grand.jpg",,,,"photos/20091603-michael_petit.jpg",NULL
"1988","photos/20091603-nanamars.jpg","photos/20091603-nanamars_grand.jpg","photos/20091603-nanamars1_grand.jpg",,,"photos/20091603-nanamars_petit.jpg",NULL
"1989","photos/20091703-samsung.jpg","photos/20091703-samsung_grand.jpg",,,,"photos/20091703-samsung_petit.jpg",NULL
"1990","photos/20091703-clarika.jpg","photos/20091703-clarika_grand.jpg",,,,"photos/20091703-clarika_petit.jpg",NULL
"1991","photos/20091909-malibu.jpg","photos/20091909-malibu_grand.jpg",,,,"photos/20091909-malibu_petit.jpg",NULL
"1992","photos/20091903-star.jpg","photos/20091903-star_grand.jpg",,,,"photos/20091903-star_petit.jpg",NULL
"1993","photos/20091903-plusbellelavie.jpg","photos/20091903-plusbellelavie_grand.jpg",,,,"photos/20091903-plusbellelavie_petit.jpg",NULL
"1994","photos/20092003-sida.jpg","photos/20092003-sida_grand.jpg",,,,"photos/20092003-sida_petit.jpg",NULL
"1995","photos/20092303-decoratrice.jpg","photos/20092303-decoratrice_grand.jpg",,,,"photos/20092303-decoratrice_petit.jpg",NULL
"1996","photos/20092303-printempscinema.jpg","photos/20092303-printempscinema_grand.jpg",,,,"photos/20092303-printempscinema_petit.jpg",NULL
"1997","photos/20092403-barbie.jpg","photos/20092403-barbie_grand.jpg","photos/20092403-barbie1_grand.jpg",,,"photos/20092403-barbie_petit.jpg",NULL
"1998","photos/20092503-tvlcd.jpg","photos/20092503-tvlcd_grand.jpg",,,,"photos/20092503-tvlcd_petit.jpg",NULL
"1999","photos/20092503-couples.jpg","photos/20092503-couples_grand.jpg",,,,"photos/20092503-couples_petit.jpg",NULL
"2000","photos/20092503-adjani.jpg","photos/20092503-adjani_grand.jpg",,,,"photos/20092503-adjani_petit.jpg",NULL
"2001","photos/20092703-talentzapping.jpg","photos/20092703-talentzapping_grand.jpg",,,,"photos/20092703-talentzapping_petit.jpg",NULL
"2002","photos/20093003-soireetdn.jpg","photos/20093003-soireetdn_grand.jpg",,,,"photos/20093003-soireetdn_petit.jpg",NULL
"2003","photos/20093003-karcher.jpg","photos/20093003-karcher_grand.jpg",,,,"photos/20093003-karcher_petit.jpg",NULL
"2004","photos/2000104-paques.jpg","photos/2000104-paques_grand.jpg",,,,"photos/2000104-paques_petit.jpg",NULL
"2005","photos/20090104-ladyflo.jpg","photos/20090104-ladyflo_grand.jpg",,,,"photos/20090104-ladyflo_petit.jpg",NULL
"2006","photos/20090104-cleusb.jpg","photos/20090104-cleusb_grand.jpg",,,,"photos/20090104-cleusb_petit.jpg",NULL
"2007","photos/20090204-sieclefeminin.jpg","photos/20090204-sieclefeminin_grand.jpg",,,,"photos/20090204-sieclefeminin_petit.jpg",NULL
"2008","photos/20090204-disquedur.jpg","photos/20090204-disquedur_grand.jpg",,,,"photos/20090204-disquedur_petit.jpg",NULL
"2009","photos/20090204-danone.jpg","photos/20090204-danone_grand.jpg",,,,"photos/20090204-danone_petit.jpg",NULL
"2010","photos/20090304-dsi.jpg","photos/20090304-dsi_grand.jpg","photos/20090304-dsi1_grand.jpg","photos/20090304-dsi2_grand.jpg","photos/20090304-dsi3_grand.jpg","photos/20090304-dsi_petit.jpg",NULL
"2011","photos/20090504-ateliercreatif.jpg","photos/20090504-ateliercreatif_grand.jpg",,,,"photos/20090504-ateliercreatif_petit.jpg",NULL
"2012","photos/20090704-mamanfille.jpg","photos/20090704-mamanfille_grand.jpg",,,,"photos/20090704-mamanfille_petit.jpg",NULL
"2013","photos/20090504-rythmeparadise.jpg","photos/20090504-rythmeparadise_grand.jpg",,,,"photos/20090504-rythmeparadise_petit.jpg",NULL
"2014","photos/20090704-asher.jpg","photos/20090704-asher_grand.jpg",,,,"photos/20090704-asher_petit.jpg",NULL
"2015","photos/20090804-musique.jpg","photos/20090804-musique_grand.jpg",,,,"photos/20090804-musique_petit.jpg",NULL
"2016","photos/20090904-camerasony.jpg","photos/20090904-camerasony_grand.jpg",,,,"photos/20090904-camerasony_petit.jpg",NULL
"2017","photos/20090904-louvrecampagne.jpg","photos/20090904-louvrecampagne_grand.jpg",,,,"photos/20090904-louvrecampagne_petit.jpg",NULL
"2018","photos/20091004-brel.jpg","photos/20091004-brel_grand.jpg",,,,"photos/20091004-brel_petit.jpg",NULL
"2019","photos/20091004-femmesfestival.jpg","photos/20091004-femmesfestival_grand.jpg",,,,"photos/20091004-femmesfestival_petit.jpg",NULL
"2020","photos/20091004-hightech.jpg","photos/20091004-hightech_grand.jpg",,,,"photos/20091004-hightech_petit.jpg",NULL
"2021","photos/20091304-mariamou.jpg","photos/20091304-mariamou_grand.jpg",,,,"photos/20091304-mariamou_petit.jpg",NULL
"2022",,"photos/20091404-lettresdamour_grand.jpg",,,,"photos/20091504-lettresdamour_petit.jpg",NULL
"2023","photos/20091404-chapeaumouchoir.jpg","photos/20091404-chapeaumouchoir_grand.jpg",,,,"photos/20091404-chapeaumouchoir_petit.jpg",NULL
"2024","photos/20091604-audrey.jpg","photos/20091604-audrey_grand.jpg","photos/20091604-audrey_petit.jpg",,,,NULL
"2025","photos/20091604-elite.jpg","photos/20091604-elite_grand.jpg",,,,"photos/20091604-elite_petit.jpg",NULL
"2026","photos/20091604-burlesquerevue.jpg","photos/20091604-burlesquerevue_grand.jpg",,,,"photos/20091604-burlesquerevue_petit.jpg",NULL
"2027",,"photos/37-7_grand.jpg",,,,,NULL
"2688",,"photos/37-8_grand.jpg",NULL,NULL,NULL,,NULL
"2028","photos/20091704-george.jpg","photos/20091704-george_grand.jpg",,,,"photos/20091704-george_petit.jpg",NULL
"2029","photos/20090903-cathyguetta.jpg","photos/20090903-cathyguetta_grand.jpg","photos/20090903-cathyguetta1_grand.jpg","photos/20090903-cathyguetta2_grand.jpg","photos/20090903-cathyguetta3_grand.jpg","photos/20090903-cathyguetta_petit.jpg",NULL
"2030","photos/20092004-macflower.jpg","photos/20092004-macflower_grand.jpg",,,,"photos/20092004-macflower_petit.jpg",NULL
"2031","photos/20092004-musique.jpg","photos/20092004-musique_grand.jpg",,,,"photos/20092004-musique_petit.jpg",NULL
"2032","photos/20092004-bees.jpg","photos/20092004-bees_grand.jpg",,,,"photos/20092004-bees_petit.jpg",NULL
"2033","photos/20092204-pumbby.jpg","photos/20092204-pumbby_grand.jpg",,,,"photos/20092204-pumbby_petit.jpg",NULL
"2034","photos/20092204-depeche.jpg","photos/20092204-depeche_grand.jpg",,,,"photos/20092204-depeche_grand.jpg",NULL
"2035","photos/20092204-printemps.jpg","photos/20092204-printemps_grand.jpg",,,,"photos/20092204-printemps_petit.jpg",NULL
"2036","photos/20092204-corpsouvert.jpg","photos/20092204-corpsouvert_grand.jpg",,,,"photos/20092204-corpsouvert_petit.jpg",NULL
"2037","photos/20092304-musique.jpg","photos/20092304-musique_grand.jpg",,,,"photos/20092304-musique_petit.jpg",NULL
"2038","photos/20092304-expo.jpg","photos/20092304-expo_grand.jpg",,,,"photos/20092304-expo_petit.jpg",NULL
"2039","photos/20092404-chien.jpg","photos/20092404-chien_grand.jpg",,,,"photos/20092404-chien_petit.jpg",NULL
"2040","photos/20092404-applicationespace.jpg","photos/20092404-applicationespace_grand.jpg",,,,"photos/20092404-applicationespace_petit.jpg",NULL
"2041","photos/20092604-alexis.jpg","photos/20092604-alexis_grand.jpg",,,,"photos/20092604-alexis_petit.jpg",NULL
"2042","photos/20092604-cinema.jpg","photos/20092604-cinema_grand.jpg",,,,"photos/20092604-cinema_petit.jpg",NULL
"2043","photos/20092904-expoluxe.jpg","photos/20092904-expoluxe_grand.jpg","photos/20092904-expoluxe1_grand.jpg",,,"photos/20092904-expoluxe_petit.jpg",NULL
"2044","photos/20092904-afterluxe.jpg","photos/20092904-afterluxe_grand.jpg",,,,"photos/20092904-afterluxe_petit.jpg",NULL
"2045","photos/20092904-laviedevantsesyeux.jpg","photos/20092904-laviedevantsesyeux_grand.jpg",,,,"photos/20092904-laviedevantsesyeux_petit.jpg",NULL
"2046","photos/20093004-paiva.jpg","photos/20093004-paiva_grand.jpg","photos/20093004-paiva1_grand.jpg",,,"photos/20093004-paiva_petit.jpg",NULL
"2047","photos/20093004-foireparis.jpg","photos/20093004-foireparis_grand.jpg",,,,"photos/20093004-foireparis_petit.jpg",NULL
"2048","photos/20093004-casquewalkman.jpg","photos/20093004-casquewalkman_grand.jpg",,,,"photos/20093004-casquewalkman_petit.jpg",NULL
"2049","photos/20093004-benharper.jpg","photos/20093004-benharper_grand.jpg",,,,"photos/20093004-benharper_petit.jpg",NULL
"2050","photos/20090505-couette.jpg","photos/20090505-couette_grand.jpg",,,,"photos/20090505-couette_petit.jpg",NULL
"2051","photos/20090505-filmrusse.jpg","photos/20090505-filmrusse_grand.jpg",,,,"photos/20090505-filmrusse_petit.jpg",NULL
"2052","photos/20090505-portabletennis.jpg","photos/20090505-portabletennis_grand.jpg",,,,"photos/20090505-portabletennis_petit.jpg",NULL
"2053","photos/20090605-soledad.jpg","photos/20090605-soledad_grand.jpg",,,,"photos/20090605-soledad_petit.jpg",NULL
"2054","photos/20090805-arielle.jpg","photos/20090805-arielle_grand.jpg",,,,"photos/20090805-arielle_petit.jpg",NULL
"2055","photos/20090805-jeuconcours.jpg","photos/20090805-jeuconcours_grand.jpg",,,,"photos/20090805-jeuconcours_petit.jpg",NULL
"2056","photos/20090905-weekend.jpg","photos/20090905-weekend_grand.jpg",,,,"photos/20090905-weekend_petit.jpg",NULL
"2057","photos/20090905-expos.jpg","photos/20090905-expos_grand.jpg",,,,"photos/20090905-expos_petit.jpg",NULL
"2058","photos/20091105-millenium.jpg","photos/20091105-millenium_grand.jpg",,,,"photos/20091105-millenium_petit.jpg",NULL
"2059","photos/20091105-givesyourhell.jpg","photos/20091105-givesyourhell_grand.jpg",,,,"photos/20091105-givesyourhell_petit.jpg",NULL
"2060","photos/20091305-festival.jpg","photos/20091305-festival_grand.jpg",,,,"photos/20091305-festival_petit.jpg",NULL
"2061","photos/20091305-hadopi.jpg","photos/20091305-hadopi_grand.jpg",,,,"photos/20091305-hadopi_petit.jpg",NULL
"2062","photos/20091405-cinema.jpg","photos/20091405-cinema_grand.jpg","photos/20091405-cinema1_grand.jpg",,,"photos/20091405-cinema_petit.jpg",NULL
"2063","photos/20091805-deco.jpg","photos/20091805-deco_grand.jpg",,,,"photos/20091805-deco_petit.jpg",NULL
"2064","photos/20091905-easymetro.jpg","photos/20091905-easymetro_grand.jpg",,,,"photos/20091905-easymetro_petit.jpg",NULL
"2065","photos/20091905-festival.jpg","photos/20091905-festival_grand.jpg",,,,"photos/20091905-festival_petit.jpg",NULL
"2066","photos/20091905-cannes2009.jpg","photos/20091905-cannes2009_grand.jpg","photos/20091905-cannes20091_grand.jpg","photos/20091905-cannes20092_grand.jpg",,"photos/20091905-cannes2009_petit.jpg",NULL
"2067","photos/20092005-bensimon.jpg","photos/20092005-bensimon_grand.jpg",,,,"photos/20092005-bensimon_petit.jpg",NULL
"2068","photos/20092105-expocinema.jpg","photos/20092105-expocinema_grand.jpg",,,,"photos/20092105-expocinema_petit.jpg",NULL
"2069","photos/20092205-nuitsonore.jpg","photos/20092205-nuitsonore_grand.jpg",,,,"photos/20092205-nuitsonore_petit.jpg",NULL
"2070","photos/20092405-twitter.jpg","photos/20092405-twitter_grand.jpg",,,,"photos/20092405-twitter_petit.jpg",NULL
"2071","photos/20092605-cannes.jpg","photos/20092605-cannes_grand.jpg",,,,"photos/20092605-cannes_petit.jpg",NULL
"2072","photos/20092805-salonluxe.jpg","photos/20092805-salonluxe_grand.jpg",,,,"photos/20092805-salonluxe_petit.jpg",NULL
"2073","photos/20092805-tricotmachine.jpg","photos/20092805-tricotmachine_grand.jpg",,,,"photos/20092805-tricotmachine_petit.jpg",NULL
"2074","photos/20092805-williambalde.jpg","photos/20092805-williambalde_grand.jpg",,,,"photos/20092805-williambalde_petit.jpg",NULL
"2075","photos/20092805-bouquinsjeu.jpg","photos/20092805-bouquinsjeu_grand.jpg",,,,"photos/20092805-bouquinsjeu_petit.jpg",NULL
"2076","photos/20092905-evjf.jpg","photos/20092905-evjf_grand.jpg","photos/20092905-evjf1_grand.jpg",,,"photos/20092905-evjf_petit.jpg",NULL
"2077","photos/20090106-zoda.jpg","photos/20090106-zoda_grand.jpg",,,,"photos/20090106-zoda_petit.jpg",NULL
"2078","photos/20090106-sacrifice.jpg","photos/20090106-sacrifice_grand.jpg",,,,"photos/20090106-sacrifice_petit.jpg",NULL
"2079","photos/20090206-transat.jpg","photos/20090206-transat_grand.jpg",,,,"photos/20090206-transat_petit.jpg",NULL
"2080","photos/20090206-decofetemeres.jpg","photos/20090206-decofetemeres_grand.jpg",,,,"photos/20090206-decofetemeres_petit.jpg",NULL
"2081","photos/20090206-stationvschaine.jpg","photos/20090206-stationvschaine_grand.jpg",,,,"photos/20090206-stationvschaine_petit.jpg",NULL
"2082","photos/20090206-christellecholet.jpg","photos/20090206-christellecholet_grand.jpg",,,,"photos/20090206-christellecholet_petit.jpg",NULL
"2083","photos/20090306-hanteparsesex.jpg","photos/20090306-hanteparsesex_grand.jpg",,,,"photos/20090306-hanteparsesex_petit.jpg",NULL
"2084","photos/20090606-expovaladon.jpg","photos/20090606-expovaladon_grand.jpg",,,,"photos/20090606-expovaladon_petit.jpg",NULL
"2085","photos/20090706-unigthed.jpg","photos/20090706-unigthed_grand.jpg",,,,"photos/20090706-unigthed_petit.jpg",NULL
"2086","photos/20090806-applicationsophie.jpg","photos/20090806-applicationsophie_grand.jpg",,,,"photos/20090806-applicationsophie_petit.jpg",NULL
"2087","photos/20090806-paulineparis.jpg","photos/20090806-paulineparis_grand.jpg",,,,"photos/20090806-paulineparis_petit.jpg",NULL
"2088","photos/20090806-paypettes.jpg","photos/20090806-paypettes_grand.jpg",,,,"photos/20090806-paypettes_petit.jpg",NULL
"2089","photos/20090806-parisderniere.jpg","photos/20090806-parisderniere_grand.jpg",,,,"photos/20090806-parisderniere_petit.jpg",NULL
"2090","photos/20090906-borisvian.jpg","photos/20090906-borisvian_grand.jpg",,,,"photos/20090906-borisvian_petit.jpg",NULL
"2091","photos/20090906-delpech.jpg","photos/20090906-delpech_grand.jpg",,,,"photos/20090906-delpech_petit.jpg",NULL
"2092","photos/20090906-milkymee.jpg","photos/20090906-milkymee_grand.jpg",,,,"photos/20090906-milkymee_petit.jpg",NULL
"2093","photos/20091006-soan.jpg","photos/20091006-soan_grand.jpg",,,,"photos/20091006-soan_petit.jpg",NULL
"2094","photos/20091106-fetecinema.jpg","photos/20091106-fetecinema_grand.jpg",,,,"photos/20091106-fetecinema_petit.jpg",NULL
"2095","photos/20091106-cleintegral.jpg","photos/20091106-cleintegral_grand.jpg",,,,"photos/20091106-cleintegral_petit.jpg",NULL
"2096","photos/20091206-rugby.jpg","photos/20091206-rugby_grand.jpg",,,,"photos/20091206-rugby_petit.jpg",NULL
"2097","photos/20091206-salonbougez.jpg","photos/20091206-salonbougez_grand.jpg",,,,"photos/20091206-salonbougez_petit.jpg",NULL
"2098","photos/20091206-cupcake.jpg","photos/20091206-cupcake_grand.jpg",,,,"photos/20091206-cupcake_petit.jpg",NULL
"2099","photos/20091206-proporta.jpg","photos/20091206-proporta_grand.jpg",,,,"photos/20091206-proporta_petit.jpg",NULL
"2100","photos/20091206-colette.jpg","photos/20091206-colette_grand.jpg","photos/20091206-colette1_grand.jpg",,,"photos/20091206-colette_petit.jpg",NULL
"2101","photos/20091406-donsang.jpg","photos/20091406-donsang_grand.jpg",,,,"photos/20091406-donsang_petit.jpg",NULL
"2102","photos/20091606-chaisespersos.jpg","photos/20091606-chaisespersos_grand.jpg",,,,"photos/20091606-chaisespersos_petit.jpg",NULL
"2103","photos/20091706-grandebo.jpg","photos/20091706-grandebo_grand.jpg",,,,"photos/20091706-grandebo_petit.jpg",NULL
"2104","photos/20091706-amazonmp3.jpg","photos/20091706-amazonmp3_grand.jpg",,,,"photos/20091706-amazonmp3_petit.jpg",NULL
"2105","photos/20091706-iphone.jpg","photos/20091706-iphone_grand.jpg",,,,"photos/20091706-iphone_petit.jpg",NULL
"2106","photos/20091706-rungis.jpg","photos/20091706-rungis_grand.jpg",,,,"photos/20091706-rungis_petit.jpg",NULL
"2107","photos/20091806-ebay.jpg","photos/20091806-ebay_grand.jpg",,,,"photos/20091806-ebay_petit.jpg",NULL
"2108","photos/20091806-perefille.jpg","photos/20091806-perefille_grand.jpg",,,,"photos/20091806-perefille_petit.jpg",NULL
"2109","photos/20091806-rungisexpo.jpg","photos/20091806-rungisexpo_grand.jpg",,,,"photos/20091806-rungisexpo_petit.jpg",NULL
"2110","photos/20091906-fetemusique.jpg","photos/20091906-fetemusique_grand.jpg",,,,"photos/20091906-fetemusique_petit.jpg",NULL
"2111","photos/20092206-cabourg.jpg","photos/20092206-cabourg_grand.jpg",,,,"photos/20092206-cabourg_petit.jpg",NULL
"2112","photos/20092306-underlelouvre.jpg","photos/20092306-underlelouvre_grand.jpg",,,,"photos/20092306-underlelouvre_petit.jpg",NULL
"2113","photos/20092306-sixseven.jpg","photos/20092306-sixseven_grand.jpg",,,,"photos/20092306-sixseven_petit.jpg",NULL
"2114","photos/20092306-colbie.jpg","photos/20092306-colbie_grand.jpg",,,,"photos/20092306-colbie_petit.jpg",NULL
"2115","photos/20092406-jeuconcourstoyboy.jpg","photos/20092406-jeuconcourstoyboy_grand.jpg",,,,"photos/20092406-jeuconcourstoyboy_petit.jpg",NULL
"2116","photos/20092606-festivalcinemaparis.jpg","photos/20092606-festivalcinemaparis_grand.jpg",,,,"photos/20092606-festivalcinemaparis_petit.jpg",NULL
"2117","photos/20092606-unmaridetrop.jpg","photos/20092606-unmaridetrop_grand.jpg",,,,"photos/20092606-unmaridetrop_petit.jpg",NULL
"2118","photos/20092606-mouvence.jpg","photos/20092606-mouvence_grand.jpg",,,,"photos/20092606-mouvence_petit.jpg",NULL
"2119","photos/20092606-jackson.jpg","photos/20092606-jackson_grand.jpg",,,,"photos/20092606-jackson_petit.jpg",NULL
"2120","photos/20092606-goomradio.jpg","photos/20092606-goomradio_grand.jpg",,,,"photos/20092606-goomradio_petit.jpg",NULL
"2121","photos/20092906-vipblackeyed.jpg","photos/20092906-vipblackeyed_grand.jpg","photos/20092906-vipblackeyed1_grand.jpg","photos/20092906-vipblackeyed2_grand.jpg","photos/20092906-vipblackeyed3_grand.jpg","photos/20092906-vipblackeyed_petit.jpg",NULL
"2122","photos/20090107-picnic.jpg","photos/20090107-picnic_grand.jpg",,,,"photos/20090107-picnic_petit.jpg",NULL
"2123","photos/20090107-ariane.jpg","photos/20090107-ariane_grand.jpg","photos/20090107-ariane1_grand.jpg",,,"photos/20090107-ariane_petit.jpg",NULL
"2124","photos/20090107-punch.jpg","photos/20090107-punch_grand.jpg",,,,"photos/20090107-punch_petit.jpg",NULL
"2125","photos/20090207-meurice.jpg","photos/20090207-meurice_grand.jpg","photos/20090207-meurice1_grand.jpg","photos/20090207-meurice2_grand.jpg","photos/20090207-meurice3_grand.jpg","photos/20090207-meurice_petit.jpg",NULL
"2126","photos/lips.jpg","photos/lips_grand.jpg",NULL,NULL,NULL,NULL,
"2127","photos/cremefille.jpg","photos/cremefille_grand.jpg",NULL,NULL,NULL,NULL,
"2128","photos/houpette.jpg","photos/houpette_grand.jpg",NULL,NULL,NULL,NULL,
"2129","photos/fillemiroir.jpg","photos/fillemiroir.jpg",NULL,NULL,NULL,NULL,
"2130","photos/correcteurrides.jpg","photos/correcteurrides_grand.jpg",NULL,NULL,NULL,NULL,
"2131","photos/yoga.jpg","photos/yoga_grand.jpg",NULL,NULL,NULL,NULL,
"2132","photos/raggajam.jpg","photos/raggajam_grand.jpg",NULL,NULL,NULL,NULL,
"2133","photos/fillesallesport.jpg","photos/fillesallesport_grand.jpg",NULL,NULL,NULL,NULL,
"2134","photos/ventregonfle.jpg","photos/ventregonfle_grand.jpg",NULL,NULL,NULL,NULL,
"2135","photos/JUJU_aquadynamic.jpg","photos/JUJU_aquadynamic_grand.jpg",NULL,NULL,NULL,NULL,
"2136","photos/powerplate.jpg","photos/powerplate_grand.jpg",NULL,NULL,NULL,NULL,
"2137","photos/coachetclient.jpg","photos/coachetclient_grand.jpg",NULL,NULL,NULL,NULL,"photos/20101005-coaching_cons.jpg"
"2138","photos/20080701-conseilmode.jpg","photos/2006-jeanslim_grand.jpg",NULL,NULL,NULL,NULL,"photos/2006-jeanslim_petit.jpg"
"2139",,"photos/2006-santiags_grand.jpg",NULL,NULL,NULL,NULL,"photos/2006-santiags_petit.jpg"
"2140","photos/minijupe.jpg","photos/2006-minijupe_grand.jpg",NULL,NULL,NULL,NULL,"photos/2006-minijupe_petit.jpg"
"2141",,"photos/2006-jeans_grand.jpg",NULL,NULL,NULL,NULL,"photos/2006-jeans_petit.jpg"
"2142",,"photos/2006-tenuegala_grand.jpg",NULL,NULL,NULL,NULL,"photos/2006-tenuegala_petit.jpg"
"2143",,"photos/2006-beret_grand.jpg",NULL,NULL,NULL,NULL,"photos/2006-beret_petit.jpg"
"2145","photos/patchanticellulite.jpg","photos/patchanticellulite_grand.jpg",NULL,NULL,NULL,NULL,
"2146","photos/2007-bodystep.jpg","photos/2007-bodystep_grand.jpg",NULL,NULL,NULL,NULL,"photos/2007-bodystep_cons.jpg"
"2187","photos/shorthairblack.jpg","photos/shorthairblack_grand.jpg",NULL,NULL,NULL,NULL,
"2147",,"photos/2006-cadopourhom_grand.jpg",NULL,NULL,NULL,NULL,"photos/2006-cadopourhom_petit.jpg"
"2148",,"photos/tenuestvalentin_grand.jpg",NULL,NULL,NULL,NULL,"photos/2006-tenuestvalentin_petit.jpg"
"2149","photos/rougealevres.jpg","photos/rougealevres.jpg",NULL,NULL,NULL,NULL,
"2150",,"photos/couleurblanc2006_grand.jpg",NULL,NULL,NULL,NULL,"photos/2006-couleurblanc2006_petit.jpg"
"2151","photos/fillevolley.jpg","photos/fillevolley.jpg",NULL,NULL,NULL,NULL,
"2152","photos/balance.jpg","photos/balance.jpg",NULL,NULL,NULL,NULL,
"2153","photos/fillesurbalance.jpg","photos/fillesurbalance.jpg",NULL,NULL,NULL,NULL,
"2154","photos/stylehiver2007.jpg","photos/20072901-stylehiver2007_grand.jpg",NULL,NULL,NULL,NULL,"photos/20072901-stylehiver2007_petit.jpg"
"2155","photos/maillotwax.jpg","photos/maillotwax_grand.jpg",NULL,NULL,NULL,NULL,
"2156","photos/blonde_cut.jpg","photos/blonde_cut_grand.jpg",NULL,NULL,NULL,NULL,
"2157","photos/joliefilleblonde.jpg","photos/joliefilleblonde.jpg",NULL,NULL,NULL,NULL,
"2158","photos/fillesemesuretaille.jpg","photos/fillesemesuretaille.jpg",NULL,NULL,NULL,NULL,
"2159","photos/fillesepese.jpg","photos/2006-pizza_grand.jpg",NULL,NULL,NULL,NULL,"photos/2006-pizza_petit.jpg"
"2160","photos/pulllong.jpg","photos/2007-pulllong_grand.jpg",NULL,NULL,NULL,NULL,"photos/2007-pulllong_petit.jpg"
"2161","photos/mince.jpg","photos/mince.jpg",NULL,NULL,NULL,NULL,
"2162","photos/bp.jpg","photos/bp_grand.jpg",NULL,NULL,NULL,NULL,
"2163","photos/enceinte.jpg","photos/enceinte.jpg",NULL,NULL,NULL,NULL,
"2164","photos/bellefille.jpg","photos/20072901-bellefille_grand.jpg",NULL,NULL,NULL,NULL,"photos/20072901-bellefille_petit.jpg"
"2165","photos/wok.jpg","photos/wok.jpg",NULL,NULL,NULL,NULL,
"2166","photos/barresproteines.jpg","photos/barresproteines.jpg",NULL,NULL,NULL,NULL,
"2167","photos/joliepeau.jpg","photos/joliepeau.jpg",NULL,NULL,NULL,NULL,
"2168","photos/produitslaitiers.jpg","photos/produitslaitiers_grand.jpg",NULL,NULL,NULL,NULL,"photos/20070702-produitslaitiers_petit.jpg"
"2169","photos/filleeatschoco.jpg","photos/filleeatschoco_grand.jpg",NULL,NULL,NULL,NULL,
"2170","photos/triceps.jpg","photos/triceps.jpg",NULL,NULL,NULL,NULL,
"2171","photos/rpm.jpg","photos/rpm.jpg",NULL,NULL,NULL,NULL,
"2172","photos/antichute.jpg","photos/antichute_grand.jpg",NULL,NULL,NULL,NULL,
"2173","photos/mascarashocking.jpg","photos/mascarashocking_grand.jpg",NULL,NULL,NULL,NULL,
"2174","photos/bronzage.jpg","photos/bronzage_grand.jpg",NULL,NULL,NULL,NULL,
"2175","photos/fillejoliepomme.jpg","photos/2006-dents_grand.jpg",NULL,NULL,NULL,NULL,"photos/2006-dents_petit.jpg"
"2176","photos/lingettesintimes.jpg","photos/2006-lingettesintimes_grand.jpg",NULL,NULL,NULL,NULL,"photos/2006-lingettesintimes_petit.jpg"
"2177","photos/deo.jpg","photos/20072901-deo_grand.jpg",NULL,NULL,NULL,NULL,"photos/20072901-deo_petit.jpg"
"2178","photos/coachetclient.jpg","photos/coachetclient_grand.jpg",NULL,NULL,NULL,NULL,"photos/20101005-coaching_cons.jpg"
"2179","photos/beautifulface.jpg","photos/beautifulface.jpg",NULL,NULL,NULL,NULL,
"2180","photos/sterilet.jpg","photos/sterilet_grand.jpg",NULL,NULL,NULL,NULL,
"2181","photos/cremenuitsisley.jpg","photos/cremenuitsisley_grand.jpg",NULL,NULL,NULL,NULL,
"2182","photos/cannabis.jpg","photos/cannabis_grand.jpg",NULL,NULL,NULL,NULL,
"2183","photos/lesbiennes.jpg","photos/lesbiennes_grand.jpg",NULL,NULL,NULL,NULL,
"2184","photos/epilationsourcils.jpg","photos/epilationsourcils_grand.jpg",NULL,NULL,NULL,NULL,
"2185","photos/posterba.jpg","photos/2006-posterba_grand.jpg",NULL,NULL,NULL,NULL,"photos/2006-posterba_petit.jpg"
"2186","photos/fillepense.jpg","photos/fillepense_grand.jpg",NULL,NULL,NULL,NULL,
"2188","photos/manucure.jpg","photos/manucure_grand.jpg",NULL,NULL,NULL,NULL,
"2189","photos/enceinte.jpg","photos/enceinte_grand.jpg",NULL,NULL,NULL,NULL,
"2190","photos/enceinte.jpg","photos/2006-enceinte_grand.jpg",NULL,NULL,NULL,NULL,"photos/2006-enceinte_petit.jpg"
"2191","photos/femmeenceintepensive.jpg","photos/femmeenceintepensive_grand.jpg",NULL,NULL,NULL,NULL,
"2192","photos/fillepensive.jpg","photos/fillepensive_grand.jpg",NULL,NULL,NULL,NULL,
"2193","photos/fillemiroir.jpg","photos/fillemiroir_grand.jpg",NULL,NULL,NULL,NULL,
"2194","photos/20072601-couplefight.jpg","photos/20072601-couplefight_grand.jpg",NULL,NULL,NULL,NULL,"photos/20072601-couplefight_petit.jpg"
"2195","photos/masqueorganic.jpg","photos/masqueorganic.jpg",NULL,NULL,NULL,NULL,
"2196","photos/blackcrepu.jpg","photos/2006-blackcrepu_grand.jpg",NULL,NULL,NULL,NULL,"photos/2006-blackcrepu_petit.jpg"
"2197","photos/glossmac.jpg","photos/glossmac_grand.jpg",NULL,NULL,NULL,NULL,"photos/20072601-glossmac_petit.jpg"
"2198","photos/20072601-couvrance.jpg","photos/20072601-couvrance_grand.jpg",NULL,NULL,NULL,NULL,"photos/20072601-couvrance_petit.jpg"
"2199","photos/maillotwax.jpg","photos/20072901-maillotwax_grand.jpg",NULL,NULL,NULL,NULL,"photos/20072202-maillotwax_petit.jpg"
"2200","photos/20072901-balance.jpg","photos/20072901-balance_grand.jpg",NULL,NULL,NULL,NULL,"photos/20071702-balance_petit.jpg"
"2201","photos/triste.jpg","photos/triste_grand.jpg",NULL,NULL,NULL,NULL,"photos/20070602-triste_petit.jpg"
"2202","photos/femmerides.jpg","photos/femmerides_grand.jpg",NULL,NULL,NULL,NULL,"photos/femmerides_petit.jpg"
"2203","photos/bouche.jpg","photos/20072601-bouche_grand.jpg",NULL,NULL,NULL,NULL,"photos/20072601-bouche_petit.jpg"
"2204","photos/cremefille.jpg","photos/20072601-creams_grand.jpg",NULL,NULL,NULL,NULL,"photos/20072601-creams_petit.jpg"
"2205","photos/prettywoman.jpg","photos/20072601-prettywoman_grand.jpg",NULL,NULL,NULL,NULL,"photos/20072601-prettywoman_petit.jpg"
"2206","photos/cremefille.jpg","photos/20072601-peaucreme_grand.jpg",NULL,NULL,NULL,NULL,"photos/20070602-peaucreme_petit.jpg"
"2207","photos/womancrying.jpg","photos/20072601-womancrying_grand.jpg",NULL,NULL,NULL,NULL,"photos/20072601-womancrying_petit.jpg"
"2208","photos/triste.jpg","photos/20072501-triste_grand.jpg",NULL,NULL,NULL,NULL,"photos/20070602-triste_petit.jpg"
"2209","photos/bouche.jpg","photos/bouche_grand.jpg",NULL,NULL,NULL,NULL,"photos/bouchebis_petit.jpg"
"2210","photos/laser.jpg","photos/laser_grand.jpg",NULL,NULL,NULL,NULL,"photos/laser_petit.jpg"
"2211","photos/tenuesoireefetes.jpg","photos/tenuesoireefetes_grand.jpg",NULL,NULL,NULL,NULL,"photos/tenuesoireefetes_petit.jpg"
"2212","photos/cheveuxgras.jpg","photos/cheveuxgras_grand.jpg",NULL,NULL,NULL,NULL,"photos/cheveuxgras_petit.jpg"
"2213","photos/farpaupieres.jpg","photos/farpaupieres_grand.jpg",NULL,NULL,NULL,NULL,"photos/farpaupieres_petit.jpg"
"2214","photos/womancrying.jpg","photos/20072301-womancrying_grand.jpg",NULL,NULL,NULL,NULL,"photos/20072301-womancrying_petit.jpg"
"2215","photos/maillotwax.jpg","photos/20072801-epilationmaillot_grand.jpg",NULL,NULL,NULL,NULL,"photos/20071502-epilationmaillot_petit.jpg"
"2216","photos/2007-relaxation.jpg","photos/20072901-relaxation_grand.jpg",NULL,NULL,NULL,NULL,"photos/20072901-relaxation_petit.jpg"
"2217","photos/chaussetteshautes.jpg","photos/20072901-chaussetteshautes_grand.jpg",NULL,NULL,NULL,NULL,"photos/20072901-chaussetteshautes_petit.jpg"
"2218","photos/bellesjambes.jpg","photos/2006-fillejambeslongues_grand.jpg",NULL,NULL,NULL,NULL,"photos/2006-fillejambeslongues_petit.jpg"
"2219","photos/2007-rpm.jpg","photos/20071102-rpm_grand.jpg",NULL,NULL,NULL,NULL,"photos/20071102-rpm_petit.jpg"
"2220","photos/tailleurzara.jpg","photos/20071202-tailleurzara_grand.jpg",NULL,NULL,NULL,NULL,"photos/20071202-tailleurzara_petit.jpg"
"2221","photos/2007-amis.jpg","photos/20071302-amis_grand.jpg",NULL,NULL,NULL,NULL,"photos/20071302-amis_petit.jpg"
"2222","photos/20072601-couvrance.jpg","photos/20071602-produitsmatifiantsetmakeup_grand.jpg",NULL,NULL,NULL,NULL,"photos/20071602-produitsmatifiantsetmakeup_petit.jpg"
"2223","photos/men.jpg","photos/20071602-men_grand.jpg",NULL,NULL,NULL,NULL,"photos/20071602-men_petit.jpg"
"2224","photos/2007-fruitsetlegumes.jpg","photos/20071902-fruitsetlegumes_grand.jpg",NULL,NULL,NULL,NULL,"photos/20071902-fruitsetlegumes_petit.jpg"
"2225","photos/2007-legumes.jpg","photos/20071902-legumes_grand.jpg",NULL,NULL,NULL,NULL,"photos/20071902-legumes_petit.jpg"
"2226","photos/2007-laseracne.jpg","photos/20071902-laseracne_grand.jpg",NULL,NULL,NULL,NULL,"photos/20071902-laseracne_petit.jpg"
"2227","photos/beigelook.jpg","photos/20072002-beigelook_grand.jpg",NULL,NULL,NULL,NULL,"photos/20072002-beigelook_petit.jpg"
"2228","photos/2007-livremontignac.jpg","photos/20072202-livremontignac_grand.jpg",NULL,NULL,NULL,NULL,"photos/20072202-livremontignac_petit.jpg"
"2229","photos/makeup.jpg","photos/fillesexy_grand.jpg",NULL,NULL,NULL,NULL,"photos/20072601-prettywoman_petit.jpg"
"2230","photos/2007-fengshui.jpg","photos/20072202-fengshui_grand.jpg",NULL,NULL,NULL,NULL,"photos/20072202-fengshui_petit.jpg"
"2231","photos/2007-vesteredoute.jpg","photos/20072602-vesteredoute_grand.jpg",NULL,NULL,NULL,NULL,"photos/20072602-vesteredoute_petit.jpg"
"2232","photos/2007-couleursturquoisecorai.jpg","photos/20072602-couleursturquoisecorail_grand.jpg",NULL,NULL,NULL,NULL,"photos/20072602-couleursturquoisecorail_petit.jpg"
"2233","photos/20072802-femmepensive.jpg","photos/20072802-femmepensive_grand.jpg",NULL,NULL,NULL,NULL,"photos/20072802-femmepensive_petit.jpg"
"2234","photos/20072802-testgrossesse.jpg","photos/20072802-testgrossesse_grand.jpg",NULL,NULL,NULL,NULL,"photos/20072802-testgrossesse_petit.jpg"
"2235","photos/20070903-womanalone.jpg","photos/20070903-womanalone_grand.jpg",NULL,NULL,NULL,NULL,"photos/20070903-womanalone_petit.jpg"
"2236","photos/20070903-femmeautel.jpg","photos/20070903-femmeautel_grand.jpg",NULL,NULL,NULL,NULL,"photos/20070903-femmeautel_petit.jpg"
"2237","photos/20071103-memoire.jpg","photos/20071103-memoire_grand.jpg",NULL,NULL,NULL,NULL,"photos/20071103-memoire_petit.jpg"
"2245","photos/fillejoliepomme.jpg","photos/20071604-protefruits_grand.jpg",NULL,NULL,NULL,NULL,"photos/20071604-protefruits_petit.jpg"
"2238","photos/stretch.jpg","photos/bodybalance_grand.jpg",NULL,NULL,NULL,NULL,"photos/20071903-bodybalance_petit.jpg"
"2239","photos/20072703-proteinesinko.jpg","photos/20072703-proteinesinko_grand.jpg",NULL,NULL,NULL,NULL,"photos/20070404-proteines_petit.jpg"
"2240","photos/20072803-manandchild.jpg","photos/20072803-manandchild_grand.jpg",NULL,NULL,NULL,NULL,"photos/20072803-manandchild_petit.jpg"
"2241","photos/20072803-hommewhisky.jpg","photos/20072803-hommewhisky_grand.jpg",NULL,NULL,NULL,NULL,"photos/20072803-hommewhisky_petit.jpg"
"2626",,"photos/26-5_grand.jpg",NULL,NULL,NULL,,NULL
"2242","photos/yoga.jpg","photos/20070104-yogagirl_grand.jpg",NULL,NULL,NULL,NULL,"photos/20070104-yogagirl_petit.jpg"
"2243","photos/20070404-natation.jpg","photos/20070404-natation_grand.jpg",NULL,NULL,NULL,NULL,"photos/20070404-natation_petit.jpg"
"2244","photos/20070404-bikinibandeau.jpg","photos/20070404-bikinibandeau_grand.jpg",NULL,NULL,NULL,NULL,"photos/20070404-bikinibandeau_petit.jpg"
"2246","photos/20072903-mecdeprime.jpg","photos/20072903-mecdeprime_grand.jpg",NULL,NULL,NULL,NULL,"photos/20072903-mecdeprime_petit.jpg"
"2275","photos/20070408-maillotronde.jpg","photos/20070408-maillotronde_grand.jpg",NULL,NULL,NULL,NULL,"photos/20070408-maillotronde_petit.jpg"
"2247","photos/20072904-stepper.jpg","photos/20072904-stepper_grand.jpg",NULL,NULL,NULL,NULL,"photos/20072904-stepper_petit.jpg"
"2248","photos/20070205-cheveuxsecs.jpg","photos/20070205-cheveuxsecs_grand.jpg",NULL,NULL,NULL,NULL,"photos/20070205-cheveuxsecs_petit.jpg"
"2249","photos/20070205-3teenagers.jpg","photos/20070205-3teenagers_grand.jpg",NULL,NULL,NULL,NULL,"photos/20070205-3teenagers_petit.jpg"
"2250","photos/20070405-femmepoussette.jpg","photos/20070405-femmepoussette_grand.jpg",NULL,NULL,NULL,NULL,"photos/20070405-femmepoussette_petit.jpg"
"2251","photos/20070905-moderonde.jpg","photos/20070905-moderonde_grand.jpg",NULL,NULL,NULL,NULL,"photos/20070905-moderonde_petit.jpg"
"2252","photos/20071105-coupletriste.jpg","photos/20071105-coupletriste_grand.jpg",NULL,NULL,NULL,NULL,"photos/20071105-coupletriste_petit.jpg"
"2253","photos/bp.jpg","photos/20071305-bppilates_grand.jpg",NULL,NULL,NULL,NULL,"photos/20071305-bppilates_petit.jpg"
"2254","photos/20071105-femmehommerue.jpg","photos/20071105-femmehommerue_grand.jpg",NULL,NULL,NULL,NULL,"photos/20071105-femmehommerue_petit.jpg"
"2255","photos/20071505-marredescheveux.jpg","photos/20071505-marredescheveux_grand.jpg",NULL,NULL,NULL,NULL,"photos/20071505-marredescheveux_petit.jpg"
"2256","photos/20071605-menemoy.jpg","photos/20071605-menemoy_grand.jpg",NULL,NULL,NULL,NULL,"photos/20071605-menemoy_petit.jpg"
"2257","photos/20071805-regardfemme.jpg","photos/20071805-regardfemme_grand.jpg",NULL,NULL,NULL,NULL,"photos/20071805-regardfemme_petit.jpg"
"2258","photos/20072205-inkogrossir.jpg","photos/20072205-inkogrossir_grand.jpg",NULL,NULL,NULL,NULL,"photos/20072205-inkogrossir_petit.jpg"
"2259","photos/20072205-powerplate.jpg","photos/20072205-powerplate_grand.jpg",NULL,NULL,NULL,NULL,"photos/20072205-powerplate_petit.jpg"
"2260","photos/20072805-uv.jpg","photos/20072805-uv_grand.jpg",NULL,NULL,NULL,NULL,"photos/20072805-uv_petit.jpg"
"2261","photos/20070106-parfums.jpg","photos/20070106-parfums_grand.jpg",NULL,NULL,NULL,NULL,"photos/20070106-parfums_petit.jpg"
"2262","photos/20070306-coloration.jpg","photos/20070306-coloration_grand.jpg",NULL,NULL,NULL,NULL,"photos/20070306-coloration_petit.jpg"
"2263","photos/20070406-modeexam.jpg","photos/20070406-modeexam_grand.jpg",NULL,NULL,NULL,NULL,"photos/20070406-modeexam_petit.jpg"
"2264","photos/20070606-maillotronde.jpg","photos/20070606-maillotronde_grand.jpg",NULL,NULL,NULL,NULL,"photos/20070606-maillotronde_petit.jpg"
"2265","photos/20072406-mechevirgule.jpg","photos/20072406-mechevirgule_grand.jpg",NULL,NULL,NULL,NULL,"photos/20072406-mechevirgule_petit.jpg"
"2650",,"photos/31-1_grand.jpg",NULL,NULL,NULL,,NULL
"2266","photos/20072806-teenagerslove.jpg","photos/20072806-teenagerslove_grand.jpg",NULL,NULL,NULL,NULL,"photos/20072806-teenagerslove_petit.jpg"
"2267","photos/20070307-famille.jpg","photos/20070307-famille_grand.jpg",NULL,NULL,NULL,NULL,"photos/20070307-famille_petit.jpg"
"2268","photos/20070907-inkofrance.jpg","photos/20070907-inkofrance_grand.jpg",NULL,NULL,NULL,NULL,"photos/20070907-inkofrance_petit.jpg"
"2269","photos/20071207-beautegold.jpg","photos/20071207-beautegold_grand.jpg",NULL,NULL,NULL,NULL,"photos/20071207-beautegold_petit.jpg"
"2270","photos/makeup.jpg","photos/20071307-femmemiroir_grand.jpg",NULL,NULL,NULL,NULL,"photos/20071307-femmemiroir_petit.jpg"
"2271","photos/20071607-flirtboulot.jpg","photos/20071607-flirtboulot_grand.jpg",NULL,NULL,NULL,NULL,"photos/20071607-flirtboulot_petit.jpg"
"2272","photos/20071707-shoesmariage.jpg","photos/20071707-shoesmariage_grand.jpg",NULL,NULL,NULL,NULL,"photos/20071707-shoesmariage_petit.jpg"
"2273","photos/20071707-lovemassage.jpg","photos/20071707-lovemassage_grand.jpg",NULL,NULL,NULL,NULL,"photos/20071707-lovemassage_petit.jpg"
"2274","photos/20071907-gelsexe.jpg","photos/20071907-gelsexe_grand.jpg",NULL,NULL,NULL,NULL,"photos/20071907-gelsexe_petit.jpg"
"2276","photos/20070608-proteetfruits.jpg","photos/20070608-proteetfruits_grand.jpg",NULL,NULL,NULL,NULL,"photos/20070608-proteetfruits_petit.jpg"
"2277","photos/20070708-tuniqueronde.jpg","photos/20070708-tuniqueronde_grand.jpg",NULL,NULL,NULL,NULL,"photos/20070708-tuniqueronde_petit.jpg"
"2278","photos/20070708-masseurcellulite.jpg","photos/20070708-masseurcellulite_grand.jpg",NULL,NULL,NULL,NULL,"photos/20070708-masseurcellulite_petit.jpg"
"2279","photos/20071008-soireanniv.jpg","photos/20071008-soireanniv_grand.jpg",NULL,NULL,NULL,NULL,"photos/20071008-soireanniv_petit.jpg"
"2280","photos/20071008-extensions.jpg","photos/20071008-extensions_grand.jpg",NULL,NULL,NULL,NULL,"photos/20071008-extensions_petit.jpg"
"2281","photos/20071708-permanente.jpg","photos/20071708-permanente_grand.jpg",NULL,NULL,NULL,NULL,"photos/20071708-permanente_petit.jpg"
"2300","photos/20070111-violencefemme.jpg","photos/20070111-violencefemme_grand.jpg",NULL,NULL,NULL,NULL,"photos/20070111-violencefemme_petit.jpg"
"2282","photos/20072008-disputefemmes.jpg","photos/20072008-disputefemmes_grand.jpg",NULL,NULL,NULL,NULL,"photos/20072008-disputefemmes_petit.jpg"
"2283","photos/20072408-famille.jpg","photos/20072408-famille_grand.jpg",NULL,NULL,NULL,NULL,"photos/20072408-famille_petit.jpg"
"2284","photos/20071009-Tattoo.jpg","photos/20071009-Tattoo_grand.jpg",NULL,NULL,NULL,NULL,"photos/20071009-Tattoo_petit.jpg"
"2285","photos/20071409-vernis-levres.jpg","photos/20071409-vernis-levres_grand.jpg",NULL,NULL,NULL,NULL,"photos/20071409-vernis-levres_petit.jpg"
"2286","photos/20071809-soja.jpg","photos/20071809-soja_grand.jpg",NULL,NULL,NULL,NULL,"photos/20071809-soja_petit.jpg"
"2287","photos/20071909-regardbleu.jpg","photos/20071909-regardbleu_grand.jpg",NULL,NULL,NULL,NULL,"photos/20071909-regardbleu_petit.jpg"
"2288","photos/20072210-mectv.jpg","photos/20072210-mectv_grand.jpg",NULL,NULL,NULL,NULL,"photos/20072210-mectv_petit.jpg"
"2289","photos/20070110-divorce.jpg","photos/20070110-divorce_grand.jpg",NULL,NULL,NULL,NULL,"photos/20070110-divorce_petit.jpg"
"2290","photos/20070110-pilates.jpg","photos/20070110-pilates_grand.jpg",NULL,NULL,NULL,NULL,"photos/20070110-pilates_petit.jpg"
"2291","photos/20071110-homtriste.jpg","photos/20071110-homtriste_grand.jpg",NULL,NULL,NULL,NULL,"photos/20071110-homtriste_petit.jpg"
"2292","photos/20071610-modeado.jpg","photos/20071610-modeado_grand.jpg",NULL,NULL,NULL,NULL,"photos/20071610-modeado_petit.jpg"
"2293","photos/2007-womansad.jpg","20070102-womansad_grand.jpg",NULL,NULL,NULL,NULL,"photos/20071002-womansad_petit.jpg"
"2294","photos/20072210-pertecheveux.jpg","photos/20072210-pertecheveux_grand.jpg",NULL,NULL,NULL,NULL,"photos/20072210-pertecheveux_petit.jpg"
"2295","photos/20072410-boheme.jpg","photos/20072410-boheme_grand.jpg",NULL,NULL,NULL,NULL,"photos/20072410-boheme_petit.jpg"
"2296","photos/20072510-giletlong.jpg","photos/20072510-giletlong_grand.jpg",NULL,NULL,NULL,NULL,"photos/20072510-giletlong_petit.jpg"
"2297","photos/20072610-coiffurema.jpg","photos/20072610-coiffurema_grand.jpg",NULL,NULL,NULL,NULL,"photos/20072610-coiffurema_petit.jpg"
"2298","photos/20073010-dermagenese.jpg","photos/20073010-dermagenese_grand.jpg",NULL,NULL,NULL,NULL,"photos/20073010-dermagenese_petit.jpg"
"2299","photos/20073110-ceinture.jpg","photos/20073110-ceinture_grand.jpg",NULL,NULL,NULL,NULL,"photos/20073110-ceinture_petit.jpg"
"2301","photos/20070711-modesoldes.jpg","photos/pub/2007-monshowroom-tuniqueavintage_grand.jpg",NULL,NULL,NULL,"photos/pub/2007-monshowroom-tuniqueavintage_petit.jpg","photos/20070711-modesoldes_petit.jpg"
"2302","photos/20070711-masquecheveux.jpg","photos/20070711-masquecheveux_grand.jpg",NULL,NULL,NULL,NULL,"photos/20070711-masquecheveux_petit.jpg"
"2303","photos/20070711-poussecheveux.jpg","photos/20070711-poussecheveux_grand.jpg",NULL,NULL,NULL,NULL,"photos/20070711-poussecheveux_petit.jpg"
"2304","photos/20070811-autoecole.jpg","photos/20070811-autoecole_grand.jpg",NULL,NULL,NULL,NULL,"photos/20070811-autoecole_petit.jpg"
"2305","photos/20070911-bottinesblanches.jpg","photos/20070911-bottinesblanches_grand.jpg",NULL,NULL,NULL,NULL,"photos/20070911-bottinesblanches_petit.jpg"
"2306","photos/20071311-encens.jpg","photos/20071311-encens_grand.jpg",NULL,NULL,NULL,NULL,"photos/20071311-encens_petit.jpg"
"2307","photos/sisters.jpg","photos/20072301-sisters_grand.jpg",NULL,NULL,NULL,NULL,"photos/20072501-sisters_petit.jpg"
"2308","photos/2006-jeans_petit.jpg","photos/20071811-jeans_grand.jpg",NULL,NULL,NULL,NULL,"photos/20071811-jeans_petit.jpg"
"2309","photos/20072211-peaumetisse.jpg","photos/20072211-peaumetisse_grand.jpg",NULL,NULL,NULL,NULL,"photos/20072211-peaumetisse_petit.jpg"
"2310","photos/20072211-lissage.jpg","photos/20072211-lissage_grand.jpg",NULL,NULL,NULL,NULL,"photos/20072211-lissage_petit.jpg"
"2311","photos/20070512-lowshoes.jpg","photos/20070512-lowshoes_grand.jpg",NULL,NULL,NULL,NULL,"photos/20070512-lowshoes_petit.jpg"
"2325","photos/20081501-modeburberry.jpg","photos/20081501-modeburberry_grand.jpg",NULL,NULL,NULL,NULL,"photos/20081501-modeburberry_petit.jpg"
"2312","photos/20070712-relookingfetes.jpg","photos/20070712-relookingfetes_grand.jpg",NULL,NULL,NULL,NULL,"photos/20070712-relookingfetes_petit.jpg"
"2313","photos/20070712-relookingronde.jpg","photos/20070712-relookingronde_grand.jpg",NULL,NULL,NULL,NULL,"photos/20070712-relookingronde_petit.jpg"
"2314","photos/20071312-blushjoues.jpg","photos/20071312-blushjoues_grand.jpg",NULL,NULL,NULL,NULL,"photos/20082401-poudre_petit.jpg"
"2315","photos/20071212-mode.jpg","photos/20071212-mode_grandjpg",NULL,NULL,NULL,NULL,"photos/20071212-mode_petit.jpg"
"2316","photos/20071412-ballerines.jpg","photos/20071412-ballerines_grand.jpg",NULL,NULL,NULL,NULL,"photos/20071412-ballerines_petit.jpg"
"2317","photos/20071010-futlarge.jpg","photos/20072709-femmeenceinte-1_grand.jpg",NULL,NULL,NULL,NULL,"photos/20071811-jeans_petit.jpg"
"2318","photos/20072412-leclerc.jpg","photos/20072412-leclerc_grand.jpg",NULL,NULL,NULL,NULL,"photos/20072412-leclerc_petit.jpg"
"2319","photos/20072412-soiree.jpg","photos/20072412-soiree_grand.jpg",NULL,NULL,NULL,NULL,"photos/20072412-soiree_petit.jpg"
"2320","photos/20072412-cheveux.jpg","photos/20072412-cheveux_grand.jpg",NULL,NULL,NULL,NULL,"photos/20072412-cheveux_petit.jpg"
"2321","photos/20080301-tenueronde.jpg","photos/20080301-tenueronde_grand.jpg",NULL,NULL,NULL,NULL,"photos/20080301-tenueronde_petit.jpg"
"2322","photos/20080701-relookingcheveux.jpg","photos/20080701-relookingcheveux_grand.jpg",NULL,NULL,NULL,NULL,"photos/20080701-relookingcheveux_petit.jpg"
"2323","photos/20080701-conseilmode.jpg","photos/20080701-conseilmode_grand.jpg",NULL,NULL,NULL,NULL,"photos/20080701-conseilmode_petit.jpg"
"2324","photos/20080801-mains.jpg","photos/20080801-mains_grand.jpg",NULL,NULL,NULL,NULL,"photos/20080801-mains_petit.jpg"
"2326","photos/20082001-hommefemme.jpg","photos/20082001-hommefemme_grand.jpg",NULL,NULL,NULL,NULL,"photos/20082001-hommefemme_petit.jpg"
"2327","photos/20082201-shoes.jpg","photos/20082201-shoes_grand.jpg",NULL,NULL,NULL,NULL,"photos/20082201-shoes_petit.jpg"
"2328","photos/20082501-femmepleurs.jpg","photos/20082501-femmepleurs_grand.jpg",NULL,NULL,NULL,NULL,"photos/20082501-femmepleurs_petit.jpg"
"2329","photos/20071911-preventioncol.jpg","photos/20071911-preventioncol_grand.jpg",NULL,NULL,NULL,NULL,"photos/20082501-preventioncol_petit.jpg"
"2330","photos/20082901-cremenivea.jpg","photos/20082901-cremenivea_grand.jpg",NULL,NULL,NULL,NULL,"photos/20082901-cremenivea_petit.jpg"
"2331","photos/20080102-computermec.jpg","photos/20080102-computermec_grand.jpg",NULL,NULL,NULL,NULL,"photos/20080102-computermec_petit.jpg"
"2332","photos/20081002-coupeds.jpg","photos/20081002-coupeds_grand.jpg",NULL,NULL,NULL,NULL,"photos/20081002-coupeds_petit.jpg"
"2333","photos/20081002-coupe2ds.jpg","photos/20081002-coupe2ds_grand.jpg",NULL,NULL,NULL,NULL,"photos/20081002-coupe2ds_petit.jpg"
"2334","photos/20081102-beautestval.jpg","photos/20081102-beautestval_grand.jpg",NULL,NULL,NULL,NULL,"photos/20081102-beautestval_petit.jpg"
"2335","photos/cire.jpg","photos/20073010-epilation_grand.jpg",NULL,NULL,NULL,NULL,"photos/20081502-epilation_petit.jpg"
"2336","photos/20081802-lindsay.jpg","photos/20081802-lindsay_grand.jpg",NULL,NULL,NULL,NULL,"photos/20081802-lindsay_petit.jpg"
"2337","photos/20082702-mecportable.jpg","photos/20082702-mecportable_grand.jpg",NULL,NULL,NULL,NULL,"photos/20082702-mecportable_petit.jpg"
"2338","photos/20082702-rongeongles.jpg","photos/20082702-rongeongles_grand.jpg",NULL,NULL,NULL,NULL,"photos/20082702-rongeongles_petit.jpg"
"2339","photos/20082902-modehanches.jpg","photos/20082902-modehanches_grand.jpg",NULL,NULL,NULL,NULL,"photos/20082902-modehanches_petit.jpg"
"2340","photos/20080403-adoenceinte.jpg","photos/20080403-adoenceinte_grand.jpg",NULL,NULL,NULL,NULL,"photos/20080403-adoenceinte_petit.jpg"
"2341","photos/20081203-khol.jpg","photos/20081203-khol_grand.jpg",NULL,NULL,NULL,NULL,"photos/20081203-khol_petit.jpg"
"2351","photos/20082304-mode.jpg","photos/20082304-mode_grand.jpg",NULL,NULL,NULL,NULL,"photos/20082304-mode_petit.jpg"
"2342","photos/20081703-bigoudis.jpg","photos/20081703-bigoudis_grand.jpg",NULL,NULL,NULL,NULL,"photos/20081703-bigoudis_petit.jpg"
"2343","photos/chevxblonds.jpgjpg","photos/20072601-chevxblonds_grand.jpg",NULL,NULL,NULL,NULL,"photos/20072601-chevxblonds_petit.jpg"
"2344","photos/20081903-coach.jpg","photos/20081903-coach_grand.jpg",NULL,NULL,NULL,NULL,"photos/20081903-coach_petit.jpg"
"2345","photos/20081903-boulimie.jpg","photos/20081903-boulimie_grand.jpg",NULL,NULL,NULL,NULL,"photos/20081903-boulimie_petit.jpg"
"2346","photos/2007-womansad.jpg","photos/20071002-womansad_grand.jpg",NULL,NULL,NULL,NULL,"photos/20071002-womansad_petit.jpg"
"2347","photos/20083003-newsmode.jpg","photos/20072210-newsmode-3_grand.jpg",NULL,NULL,NULL,NULL,"photos/20083003-newsmode_petit.jpg"
"2348","photos/20080204-coiffure.jpg","photos/20080204-coiffure_grand.jpg",NULL,NULL,NULL,NULL,"photos/20080204-coiffure_petit.jpg"
"2349","photos/20080304-coachsportif.jpg","photos/20080304-coachsportif_grand.jpg",NULL,NULL,NULL,NULL,"photos/20080304-coachsportif_petit.jpg"
"2350","photos/20073001-sad.jpg","photos/20071302-sad_grand.jpg",NULL,NULL,NULL,NULL,"photos/20071302-sad_petit.jpg"
"2417","photos/20082710-boucles.jpg","photos/20082710-boucles_grand.jpg",NULL,NULL,NULL,NULL,"photos/20082710-boucles_petit.jpg"
"2352","photos/20082404-ondulations.jpg","photos/20082404-ondulations_grand.jpg",NULL,NULL,NULL,NULL,"photos/20082404-ondulations_petit.jpg"
"2353","photos/20080305-mascara.jpg","photos/20080305-mascara_grand.jpg",NULL,NULL,NULL,NULL,"photos/20080305-mascara_petit.jpg"
"2354","photos/20080705-collier.jpg","photos/20080705-collier_grand.jpg",NULL,NULL,NULL,NULL,"photos/20080705-collier_petit.jpg"
"2355","photos/20080805-fillerousse.jpg","photos/20080805-fillerousse_grand.jpg",NULL,NULL,NULL,NULL,"photos/20080805-fillerousse_petit.jpg"
"2356","photos/20081005-sucreries.jpg","photos/20081005-sucreries_grand.jpg",NULL,NULL,NULL,NULL,"photos/20081005-sucreries_petit.jpg"
"2357","photos/20081005-mannequin.jpg","photos/20081005-mannequin_grand.jpg",NULL,NULL,NULL,NULL,"photos/20081005-mannequin_petit.jpg"
"2358","photos/20081005-spartiates.jpg","photos/20081005-spartiates_grand.jpg",NULL,NULL,NULL,NULL,"photos/20081005-spartiates_petit.jpg"
"2359","photos/20081305-sansamis.jpg","photos/20081305-sansamis_grand.jpg",NULL,NULL,NULL,NULL,"photos/20081305-sansamis_petit.jpg"
"2360","photos/20081405-chaussure.jpg","photos/20081405-robe_grand.jpg",NULL,NULL,NULL,NULL,"photos/20081405-chaussure_petit.jpg"
"2361","photos/20080506-conseilbeaute.jpg","photos/20080506-conseilbeaute_grand.jpg",NULL,NULL,NULL,NULL,"photos/20080506-conseilbeaute_petit.jpg"
"2362","photos/20080506-girlshampoo.jpg","photos/20080506-girlshampoo_grand.jpg",NULL,NULL,NULL,NULL,"photos/20080506-girlshampoo_petit.jpg"
"2363","photos/20080606-coupe.jpg","photos/20080606-coupe_grand.jpg",NULL,NULL,NULL,NULL,"photos/20080606-coupe_petit.jpg"
"2364","photos/20080606-boucles.jpg","photos/20080606-boucles_grand.jpg",NULL,NULL,NULL,NULL,"photos/20080606-boucles_petit.jpg"
"2365","photos/20081805-rupture.jpg","photos/20081805-rupture_grand.jpg",NULL,NULL,NULL,NULL,"photos/20081805-rupture_petit.jpg"
"2366","photos/20082005-salade.jpg","photos/20082005-salade_grand.jpg",NULL,NULL,NULL,NULL,"photos/20082005-salade_petit.jpg"
"2367","photos/20082305-hair.jpg","photos/20082305-hair_grand.jpg",NULL,NULL,NULL,NULL,"photos/20082305-hair_petit.jpg"
"2368","photos/20082305-dad-baby.jpg","photos/20082305-dad-baby_grand.jpg",NULL,NULL,NULL,NULL,"photos/20082305-dad-baby_petit.jpg"
"2369","photos/20082405-cheveux.jpg","photos/20082405-cheveux_grand.jpg",NULL,NULL,NULL,NULL,"photos/20082405-cheveux_petit.jpg"
"2370","photos/20082705-sadness.jpg","photos/20082705-sadness_grand.jpg",NULL,NULL,NULL,NULL,"photos/20082705-sadness_petit.jpg"
"2371","photos/20080206-conseilcoiffure.jpg","photos/20080206-conseilcoiffure_grand.jpg",NULL,NULL,NULL,NULL,"photos/20080206-conseilcoiffure_petit.jpg"
"2372","photos/20080206-conseilmode.jpg","photos/20080206-conseilmode_grand.jpg",NULL,NULL,NULL,NULL,"photos/20080206-conseilmode_petit.jpg"
"2373","photos/20080906-femmes.jpg","photos/20080906-femmes_grand.jpg",NULL,NULL,NULL,NULL,"photos/20080906-femmes_petit.jpg"
"2374","photos/20081106-relationhommeage.jpg","photos/20081106-relationhommeage_grand.jpg",NULL,NULL,NULL,NULL,"photos/20081106-relationhommeage_petit.jpg"
"2375","photos/20081706-fentes.jpg","photos/20081706-fentes_grand.jpg",NULL,NULL,NULL,NULL,"photos/20081706-fentes_petit.jpg"
"2376","photos/20081706-coupecheveux.jpg","photos/20081706-coupecheveux_grand.jpg",NULL,NULL,NULL,NULL,"photos/20081706-coupecheveux_petit.jpg"
"2377","photos/20081706-regard.jpg","photos/20081706-regard_grand.jpg",NULL,NULL,NULL,NULL,"photos/20081706-regard_petit.jpg"
"2378","photos/20081806-cheveux.jpg","photos/20081806-cheveux_grand.jpg",NULL,NULL,NULL,NULL,"photos/20081806-cheveux_petit.jpg"
"2379","photos/20082006-conseilssexo.jpg","photos/20082006-conseilssexo_grand.jpg",NULL,NULL,NULL,NULL,"photos/20082006-conseilssexo_petit.jpg"
"2380","photos/20082306-coupe.jpg","photos/20082306-coupe_grand.jpg",NULL,NULL,NULL,NULL,"photos/20082306-coupe_petit.jpg"
"2381","photos/20082806-hanches.jpg","photos/20082806-hanches_grand.jpg",NULL,NULL,NULL,NULL,"photos/20082806-hanches_petit.jpg"
"2382","photos/20082906-woman-eating.jpg","photos/20082906-woman-eating-grand.jpg",NULL,NULL,NULL,NULL,"photos/20082906-woman-eating-petit.jpg"
"2383","photos/20083006-cheveux-longs.jpg","photos/20083006-cheveux-longs_gran.jpg",NULL,NULL,NULL,NULL,"photos/20083006-cheveux-longs_peti.jpg"
"2384","photos/20083006-couple.jpg","photos/20083006-couple_grand.jpg",NULL,NULL,NULL,NULL,"photos/20083006-couple_petit.jpg"
"2385","photos/20080107-coupe.jpg","photos/20080107-coupe_grand.jpg",NULL,NULL,NULL,NULL,"photos/20080107-coupe_petit.jpg"
"2386","photos/20080407-jalousie.jpg","photos/20080407-jalousie_grand.jpg",NULL,NULL,NULL,NULL,"photos/20080407-jalousie_petit.jpg"
"2387","photos/20080407-amourfilles.jpg","photos/20080407-amourfilles_grand.jpg",NULL,NULL,NULL,NULL,"photos/20080407-amourfilles_petit.jpg"
"2388","photos/20080407-extensions.jpg","photos/20080407-extensions_grand.jpg",NULL,NULL,NULL,NULL,"photos/20080407-extensions_petit.jpg"
"2389","photos/20082607-conseilsmode.jpg","photos/20082607-conseilsmode_grand.jpg",NULL,NULL,NULL,NULL,"photos/20082607-conseilsmode_petit.jpg"
