"id_photo","photo_imode","photo_web","photo_web2","photo_web3","photo_web4","photo_web_petit","vignette_carree"
"2390","photos/20080508-conseilcoiffure.jpg","photos/20080508-conseilcoiffure_grand.jpg",NULL,NULL,NULL,NULL,"photos/20080508-conseilcoiffure_petit.jpg"
"2391","photos/20080808-coiffeur.jpg","photos/20080808-coiffeur_grand.jpg",NULL,NULL,NULL,NULL,"photos/20080808-coiffeur_petit.jpg"
"2392","photos/20081808-nathsimon.jpg","photos/20081808-nathsimon_grand.jpg",NULL,NULL,NULL,NULL,"photos/20081808-nathsimon_petit.jpg"
"2393","photos/20081310-masque.jpg","photos/20081310-masque_grand.jpg",NULL,NULL,NULL,NULL,"photos/20081310-masque_petit.jpg"
"2394","photos/20081310-mechesrock.jpg","photos/20081310-mechesrock_grand.jpg",NULL,NULL,NULL,NULL,"photos/20081310-mechesrock_petit.jpg"
"2395","photos/20081410-shopping.jpg","photos/20081410-shopping_grand.jpg",NULL,NULL,NULL,NULL,"photos/20081410-shopping_petit.jpg"
"2396","photos/20082208-mode50.jpg","photos/20082208-mode50_grand.jpg",NULL,NULL,NULL,NULL,"photos/20082208-mode50_petit.jpg"
"2397","photos/20092708-coupe.jpg","photos/20092708-coupe_grand.jpg",NULL,NULL,NULL,NULL,"photos/20092708-coupe_petit.jpg"
"2398","photos/20082808-coiffure.jpg","photos/20082808-coiffure_grand.jpg",NULL,NULL,NULL,NULL,"photos/20082808-coiffure_petit.jpg"
"2399","photos/20080109-frange.jpg","photos/20080109-frange_grand.jpg",NULL,NULL,NULL,NULL,"photos/20080109-frange_petit.jpg"
"2400","photos/20080109-meches.jpg","photos/20080109-meches_grand.jpg",NULL,NULL,NULL,NULL,"photos/20080109-meches_petit.jpg"
"2401","photos/20080309-cheveux.jpg","photos/20080309-cheveux_grand.jpg",NULL,NULL,NULL,NULL,"photos/20080309-cheveux_petit.jpg"
"2402","photos/20080309-dodo.jpg","photos/20080309-dodo_grand.jpg",NULL,NULL,NULL,NULL,"photos/20080309-dodo_petit.jpg"
"2403","photos/2008-choix.jpg","photos/2008-choix_grand.jpg",NULL,NULL,NULL,NULL,"photos/2008-choix_petit.jpg"
"2404","photos/20081809-coiffures.jpg","photos/20081809-coiffures_grand.jpg",NULL,NULL,NULL,NULL,"photos/20081809-coiffures_petit.jpg"
"2405","photos/20081809-stylemary.jpg","photos/20081809-stylemary_grand.jpg",NULL,NULL,NULL,NULL,"photos/20081809-stylemary_petit.jpg"
"2406","photos/20082008-mamanfille.jpg","photos/20082008-mamanfille_grand.jpg",NULL,NULL,NULL,NULL,"photos/20082008-mamanfille_petit.jpg"
"2407","photos/20081706-coupecheveux.jpg","photos/20081706-coupecheveux1_grand.jpg",NULL,NULL,NULL,NULL,"photos/20080512-cheveuxepais_petit.jpg"
"2408","photos/20082609-manteau.jpg","photos/20082609-manteau_grand.jpg",NULL,NULL,NULL,NULL,"photos/20082609-manteau_petit.jpg"
"2409","photos/20082909-cheveuxboucles.jpg","photos/20082909-cheveuxboucles_grand.jpg",NULL,NULL,NULL,NULL,"photos/20082909-cheveuxboucles_petit.jpg"
"2410","photos/20080310-coupe.jpg","photos/20080310-coupe_grand.jpg",NULL,NULL,NULL,NULL,"photos/20080310-coupe_petit.jpg"
"2411","photos/20080310-epaulescuisses.jpg","photos/20080310-epaulescuisses_grand.jpg",NULL,NULL,NULL,NULL,"photos/20080310-epaulescuisses_petit.jpg"
"2412","photos/20080610-ovale.jpg","photos/20080610-ovale_grand.jpg",NULL,NULL,NULL,NULL,"photos/20080610-ovale_petit.jpg"
"2413","photos/20080610-tonsurton.jpg","photos/20080610-tonsurton_grand.jpg",NULL,NULL,NULL,NULL,"photos/20080610-tonsurton_petit.jpg"
"2414","photos/20080810-coiffure.jpg","photos/20080810-coiffure_grand.jpg",NULL,NULL,NULL,NULL,"photos/20080810-coiffure_petit.jpg"
"2415","photos/20081610-carreplongeant.jpg","photos/20081610-carreplongeant_grand.jpg",NULL,NULL,NULL,NULL,"photos/20081610-carreplongeant_petit.jpg"
"2416","photos/20082010-conseilsgrosse.jpg","photos/20082010-conseilsgrosse_grand.jpg",NULL,NULL,NULL,NULL,"photos/20082010-conseilsgrosse_petit.jpg"
"2418","photos/20082910-coiffure.jpg","photos/20082910-coiffure_grand.jpg",NULL,NULL,NULL,NULL,"photos/20082910-coiffure_petit.jpg"
"2432","photos/20081612-coiffure.jpg","photos/20081612-coiffure_grand.jpg",NULL,NULL,NULL,NULL,"photos/20081612-coiffure_petit.jpg"
"2419","photos/20080511-coupebeaute.jpg","photos/20080511-coupebeaute_grand.jpg",NULL,NULL,NULL,NULL,"photos/20080511-coupebeaute_petit.jpg"
"2420","photos/20072012-boucles.jpg","photos/20072012-boucles_grand.jpg",NULL,NULL,NULL,NULL,"photos/20072012-boucles_petit.jpg"
"2421","photos/20081011-cheveuxboucles.jpg","photos/20081011-cheveuxboucles_grand.jpg",NULL,NULL,NULL,NULL,"photos/20081011-cheveuxboucles_petit.jpg"
"2422","photos/20081011-meches.jpg","photos/20081011-meches_grand.jpg",NULL,NULL,NULL,NULL,"photos/20081011-meches_petit.jpg"
"2423","photos/20081311-coupeblonde.jpg","photos/20081311-coupeblonde_grand.jpg",NULL,NULL,NULL,NULL,"photos/20081311-coupeblonde_petit.jpg"
"2424","photos/20081311-coupemilong.jpg","photos/20081311-coupemilong_grand.jpg",NULL,NULL,NULL,NULL,"photos/20081311-coupemilong_petit.jpg"
"2425","photos/20081711-couleurs.jpg","photos/20081711-couleurs_grand.jpg",NULL,NULL,NULL,NULL,"photos/20081711-couleurs_petit.jpg"
"2426","photos/20081711-coupe.jpg","photos/20081711-coupe_grand.jpg",NULL,NULL,NULL,NULL,"photos/20081711-coupe_petit.jpg"
"2427","photos/20081711-examstress.jpg","photos/20081711-examstress_grand.jpg",NULL,NULL,NULL,NULL,"photos/20081711-examstress_petit.jpg"
"2428","photos/20080212-chaussures.jpg","photos/20081811-ballerinesjean_grand.jpg",NULL,NULL,NULL,NULL,"photos/20081811-ballerinesjean_petit.jpg"
"2429","photos/20080412-taillehaute.jpg","photos/20080412-taillehaute_grand.jpg",NULL,NULL,NULL,NULL,"photos/20080412-taillehaute_petit.jpg"
"2430","photos/20081112-brushing.jpg","photos/20081112-brushing_grand.jpg",NULL,NULL,NULL,NULL,"photos/20081112-brushing_petit.jpg"
"2431","photos/20081112-carreplongeant.jpg","photos/20081112-carreplongeant_grand.jpg",NULL,NULL,NULL,NULL,"photos/20081112-carreplongeant_petit.jpg"
"2433","photos/20081712-repoussecils.jpg","photos/20081712-repoussecils_grand.jpg",NULL,NULL,NULL,NULL,"photos/20081712-repoussecils_petit.jpg"
"2434","photos/20081812-rougeurs.jpg","photos/20081812-rougeurs_grand.jpg",NULL,NULL,NULL,NULL,"photos/20081812-rougeurs_petit.jpg"
"2435","photos/20081812-cheveuxgras.jpg","photos/20081812-cheveuxgras_grand.jpg",NULL,NULL,NULL,NULL,"photos/20081812-cheveuxgras_petit.jpg"
"2436","photos/20082112-leonorgreyl.jpg","photos/20082112-leonorgreyl_grand.jpg",NULL,NULL,NULL,NULL,"photos/20082112-leonorgreyl_petit.jpg"
"2437","photos/20082312-tailleseins.jpg","photos/20082312-tailleseins_grand.jpg",NULL,NULL,NULL,NULL,"photos/20082312-tailleseins_petit.jpg"
"2438","photos/20082912-acne.jpg","photos/20082912-acne_grand.jpg",NULL,NULL,NULL,NULL,"photos/20082912-acne_petit.jpg"
"2439","photos/20082912-coiffure.jpg","photos/20082912-coiffure_grand.jpg",NULL,NULL,NULL,NULL,"photos/20082912-coiffure_petit.jpg"
"2440","photos/20090701-soupes.jpg","photos/20090701-soupes_grand.jpg",NULL,NULL,NULL,NULL,"photos/20090701-soupes_petit.jpg"
"2441","photos/20090901-moderonde.jpg","photos/20090901-moderonde_grand.jpg",NULL,NULL,NULL,NULL,"photos/20090901-moderonde_petit.jpg"
"2442","photos/20091201-destroy.jpg","photos/20091201-destroy_grand.jpg",NULL,NULL,NULL,NULL,"photos/20091201-destroy_petit.jpg"
"2443","photos/20091201-coupecarre.jpg","photos/20091201-coupecarre_grand.jpg",NULL,NULL,NULL,NULL,"photos/20091201-coupecarre_petit.jpg"
"2444","photos/20091301-grandetaille.jpg","photos/20091301-grandetaille_grand.jpg",NULL,NULL,NULL,NULL,"photos/20091301-grandetaille_petit.jpg"
"2445","photos/20092501-chaussurestalons.jpg","photos/20092501-chaussurestalons_grand.jpg",NULL,NULL,NULL,NULL,"photos/20092501-chaussurestalons_petit.jpg"
"2470","photos/20090505-amiscouple.jpg","photos/20090505-amiscouple_grand.jpg",NULL,NULL,NULL,NULL,"photos/20090505-amiscouple_petit.jpg"
"2446","photos/20092601-coupe.jpg","photos/20092601-coupe_grand.jpg",NULL,NULL,NULL,NULL,"photos/20092601-coupe_petit.jpg"
"2447","photos/20070811-rupture.jpg","photos/20070811-rupture_grand.jpg",NULL,NULL,NULL,NULL,"photos/20070811-rupture_petit.jpg"
"2448","photos/30012009-ondulations.jpg","photos/30012009-ondulations_grand.jpg",NULL,NULL,NULL,NULL,"photos/30012009-ondulations_petit.jpg"
"2449","photos/20090301-teenagers.jpg","photos/20090301-teenagers_grand.jpg",NULL,NULL,NULL,NULL,"photos/20090301-teenagers_petit.jpg"
"2450","photos/20091002-coupe.jpg","photos/20091002-coupe_grand.jpg",NULL,NULL,NULL,NULL,"photos/20091002-coupe_petit.jpg"
"2451","photos/20092402-rihanna.jpg","photos/20092402-rihanna_grand.jpg",NULL,NULL,NULL,NULL,"photos/20092402-rihanna_petit.jpg"
"2452","photos/20092402-blond.jpg","photos/20092402-blond_grand.jpg",NULL,NULL,NULL,NULL,"photos/20092402-blond_petit.jpg"
"2453","photos/20092702-wonderbra.jpg","photos/20092702-wonderbra_grand.jpg",NULL,NULL,NULL,NULL,"photos/20092702-wonderbra_petit.jpg"
"2454","photos/20090203-pyramide.jpg","photos/20090203-pyramide_grand.jpg",NULL,NULL,NULL,NULL,"photos/20090203-pyramide_petit.jpg"
"2455","photos/20090603-coupe.jpg","photos/20090603-coupe_grand.jpg",NULL,NULL,NULL,NULL,"photos/20090603-coupe_petit.jpg"
"2456","photos/20090603-blond.jpg","photos/20090603-blond_grand.jpg",NULL,NULL,NULL,NULL,"photos/20090603-blond_petit.jpg"
"2457","photos/20091503-cheveuxrouges.jpg","photos/20091503-cheveuxrouges_grand.jpg",NULL,NULL,NULL,NULL,"photos/20091503-cheveuxrouges_petit.jpg"
"2458","photos/20091703-frange.jpg","photos/20091703-frange_grand.jpg",NULL,NULL,NULL,NULL,"photos/20091703-frange_petit.jpg"
"2459","photos/20091703-coupe.jpg","photos/20091703-coupe_grand.jpg",NULL,NULL,NULL,NULL,"photos/20091703-coupe_petit.jpg"
"2460","photos/20092303-boucles.jpg","photos/20092303-boucles_grand.jpg",NULL,NULL,NULL,NULL,"photos/20092303-boucles_petit.jpg"
"2461","photos/20093003-pulpaction.jpg","photos/20093003-pulpaction_grand.jpg",NULL,NULL,NULL,NULL,"photos/20093003-pulpaction_petit.jpg"
"2462","photos/20093003-femmes.jpg","photos/20093003-femmes_grand.jpg",NULL,NULL,NULL,NULL,"photos/20093003-femmes_petit.jpg"
"2463","photos/20070502-womansad.jpg","photos/20070502-womansad_grand.jpg",NULL,NULL,NULL,NULL,"photos/20070502-womansad_petit.jpg"
"2464","photos/20090504-rescue.jpg","photos/20090504-rescue_grand.jpg",NULL,NULL,NULL,NULL,"photos/20090504-rescue_petit.jpg"
"2465","photos/20091904-tristesse.jpg","photos/20091904-tristesse_grand.jpg",NULL,NULL,NULL,NULL,"photos/20091904-tristesse_petit.jpg"
"2466","photos/20091404-maquillage.jpg","photos/20091404-maquillage_grand.jpg",NULL,NULL,NULL,NULL,"photos/20091404-maquillage_petit.jpg"
"2467","photos/20092604-gossipgirl.jpg","photos/20092604-gossipgirl_grand.jpg",NULL,NULL,NULL,NULL,"photos/20092604-gossipgirl_petit.jpg"
"2468","photos/20092604-boheme.jpg","photos/20092604-boheme_grand.jpg",NULL,NULL,NULL,NULL,"photos/20092604-boheme_petit.jpg"
"2469","photos/20092604-coiffure.jpg","photos/20092604-coiffure_grand.jpg",NULL,NULL,NULL,NULL,"photos/20092604-coiffure_petit.jpg"
"2471","photos/20090505-nezlong.jpg","photos/20090505-nezlong_grand.jpg",NULL,NULL,NULL,NULL,"photos/20090505-nezlong_petit.jpg"
"2472","photos/20091005-mamanfille.jpg","photos/20091005-mamanfille_grand.jpg",NULL,NULL,NULL,NULL,"photos/20091005-mamanfille_petit.jpg"
"2473","photos/20091105-anticernes.jpg","photos/20091105-anticernes_grand.jpg",NULL,NULL,NULL,NULL,"photos/20091105-anticernes_petit.jpg"
"2474","photos/20091105-ballerinestalons.jpg","photos/20091105-ballerinestalons_grand.jpg",NULL,NULL,NULL,NULL,"photos/20091105-ballerinestalons_petit.jpg"
"2475","photos/20092005-coloration.jpg","photos/20092005-coloration_grand.jpg",NULL,NULL,NULL,NULL,"photos/20092005-coloration_petit.jpg"
"2476","photos/20092005-boucles.jpg","photos/20092005-boucles_grand.jpg",NULL,NULL,NULL,NULL,"photos/20092005-boucles_petit.jpg"
"2477","photos/20071202-femmepensive.jpg","photos/photos/20071202-femmepensive_grand.jpg",NULL,NULL,NULL,NULL,"photos/20071302-sad_petit.jpg"
"2478","photos/20090206-ashley.jpg","photos/20090206-ashley_grand.jpg",NULL,NULL,NULL,NULL,"photos/20090206-ashley_petit.jpg"
"2479","photos/20093105-lookbac.jpg","photos/20093105-lookbac_grand.jpg",NULL,NULL,NULL,NULL,"photos/20093105-lookbac_petit.jpg"
"2480","photos/20091506-fillesexy.jpg","photos/20091506-fillesexy_grand.jpg",NULL,NULL,NULL,NULL,"photos/20091506-fillesexy_petit.jpg"
"2481","photos/20092206-yeuxgonfles.jpg","photos/20092206-yeuxgonfles_grand.jpg",NULL,NULL,NULL,NULL,"photos/20092206-yeuxgonfles_petit.jpg"
"2482","photos/20092206-peauseche.jpg","photos/20092206-peauseche_grand.jpg",NULL,NULL,NULL,NULL,"photos/20092206-peauseche_petit.jpg"
"2483","photos/20092606-robebustier.jpg","photos/20092606-robebustier_grand.jpg",NULL,NULL,NULL,NULL,"photos/20092606-robebustier_petit.jpg"
"2484","photos/20090107-femmemalheureuse.jpg","photos/20090107-femmemalheureuse_grand.jpg",NULL,NULL,NULL,NULL,"photos/20090107-femmemalheureuse_petit.jpg"
"2485","photos/20090107-espadrille.jpg","photos/20090107-espadrille_grand.jpg",NULL,NULL,NULL,NULL,"photos/20090107-espadrille_petit.jpg"
"2486","photos/20090107-couple.jpg","photos/20090107-couple_grand.jpg",NULL,NULL,NULL,NULL,"photos/20090107-couple_petit.jpg"
"2487","photos/dossierdumois/12-1.jpg","photos/dossierdumois/12-1_grand.jpg",NULL,NULL,NULL,,NULL
"2488","photos/dossierdumois/12-2.jpg","photos/dossierdumois/12-2_grand.jpg",NULL,NULL,NULL,,NULL
"2489","photos/dossierdumois/12-3.jpg","photos/dossierdumois/12-3_grand.jpg",NULL,NULL,NULL,,NULL
"2490","photos/dossierdumois/12-4.jpg","photos/dossierdumois/12-4_grand.jpg",NULL,NULL,NULL,,NULL
"2491","photos/dossierdumois/12-5.jpg","photos/dossierdumois/12-5_grand.jpg",NULL,NULL,NULL,,NULL
"2492","photos/dossierdumois/12-6.jpg","photos/dossierdumois/12-6_grand.jpg",NULL,NULL,NULL,,NULL
"2493","photos/dossierdumois/12-7.jpg","photos/dossierdumois/12-7_grand.jpg",NULL,NULL,NULL,,NULL
"2494","photos/dossierdumois/12-8.jpg","photos/dossierdumois/12-8_grand.jpg",NULL,NULL,NULL,,NULL
"2495","photos/dossierdumois/12-9.jpg","photos/dossierdumois/12-9_grand.jpg",NULL,NULL,NULL,,NULL
"2496","photos/dossierdumois/12-10.jpg","photos/dossierdumois/12-10_grand.jpg",NULL,NULL,NULL,,NULL
"2497","photos/dossierdumois/13-1.jpg","photos/dossierdumois/13-1_grand.jpg",NULL,NULL,NULL,,NULL
"2498","photos/dossierdumois/13-2.jpg","photos/dossierdumois/13-2_grand.jpg",NULL,NULL,NULL,,NULL
"2499","photos/dossierdumois/13-3.jpg","photos/dossierdumois/13-3_grand.jpg",NULL,NULL,NULL,,NULL
"2500","photos/dossierdumois/13-4.jpg","photos/dossierdumois/13-4_grand.jpg",NULL,NULL,NULL,,NULL
"2501","photos/dossierdumois/13.jpg","photos/dossierdumois/13_grand.jpg",NULL,NULL,NULL,"photos/dossierdumois/13_petit.jpg",NULL
"2502","photos/14-1.jpg","photos/dossierdumois/14-1_grand.jpg",NULL,NULL,NULL,,NULL
"2503","photos/14-2.jpg","photos/dossierdumois/14-2_grand.jpg",NULL,NULL,NULL,,NULL
"2504","photos/14-3.jpg","photos/dossierdumois/14-3_grand.jpg",NULL,NULL,NULL,,NULL
"2505","photos/14-4.jpg","photos/dossierdumois/14-4_grand.jpg",NULL,NULL,NULL,,NULL
"2506","photos/14.jpg","photos/dossierdumois/14_grand.jpg",NULL,NULL,NULL,"photos/dossierdumois/14_petit.jpg",NULL
"2507","photos/15-1.jpg  	","photos/dossierdumois/15-1_grand.jpg  	",NULL,NULL,NULL,,NULL
"2508","photos/15-2.jpg","photos/dossierdumois/15-2_grand.jpg",NULL,NULL,NULL,,NULL
"2509","photos/dossierdumois/15-3.jpg  	","photos/dossierdumois/15-3_grand.jpg  	",NULL,NULL,NULL,,NULL
"2510","photos/dossierdumois/15-4.jpg  	","photos/dossierdumois/15-4_grand.jpg  	",NULL,NULL,NULL,,NULL
"2511","photos/15.jpg","photos/dossierdumois/15_grand.jpg",NULL,NULL,NULL,"photos/dossierdumois/15_petit.jpg",NULL
"2512","photos/dossierdumois/16-1.jpg","photos/dossierdumois/16-1_grand.jpg",NULL,NULL,NULL,,NULL
"2513","photos/dossierdumois/16_petit.jpg","photos/dossierdumois/16_grand.jpg",NULL,NULL,NULL,"photos/dossierdumois/16_petit.jpg",NULL
"2514","photos/dossierdumois/17-1.jpg","photos/dossierdumois/17-1_grand.jpg",NULL,NULL,NULL,,NULL
"2515","photos/dossierdumois/17-2.jpg","photos/dossierdumois/17-2_grand.jpg",NULL,NULL,NULL,,NULL
"2516","photos/dossierdumois/17-3.jpg","photos/dossierdumois/17-3_grand.jpg",NULL,NULL,NULL,,NULL
"2517","photos/dossierdumois/17-4.jpg","photos/dossierdumois/17-4_grand.jpg",NULL,NULL,NULL,,NULL
"2518","photos/dossierdumois/17-5.jpg","photos/dossierdumois/17-5_grand.jpg",NULL,NULL,NULL,,NULL
"2519","photos/dossierdumois/17-6.jpg","photos/dossierdumois/17-6_grand.jpg",NULL,NULL,NULL,,NULL
"2520","photos/dossierdumois/17-7.jpg","photos/dossierdumois/17-7_grand.jpg",NULL,NULL,NULL,,NULL
"2521","photos/dossierdumois/17-8.jpg","photos/dossierdumois/17-8_grand.jpg",NULL,NULL,NULL,,NULL
"2522","photos/dossierdumois/17-9.jpg","photos/dossierdumois/17-9_grand.jpg",NULL,NULL,NULL,,NULL
"2523","photos/dossierdumois/17-10.jpg","photos/dossierdumois/17-10_grand.jpg",NULL,NULL,NULL,,NULL
"2524","photos/dossierdumois/17-11.jpg","photos/dossierdumois/17-11_grand.jpg",NULL,NULL,NULL,,NULL
"2525","photos/dossierdumois/17-12.jpg","photos/dossierdumois/17-12_grand.jpg",NULL,NULL,NULL,,NULL
"2526","photos/dossierdumois/17-13.jpg","photos/dossierdumois/17-13_grand.jpg",NULL,NULL,NULL,,NULL
"2527","photos/dossierdumois/17-14.jpg","photos/dossierdumois/17-14_grand.jpg",NULL,NULL,NULL,,NULL
"2528","photos/dossierdumois/17-15.jpg","photos/dossierdumois/17-15_grand.jpg",NULL,NULL,NULL,,NULL
"2529","photos/dossierdumois/17-16.jpg","photos/dossierdumois/17-16_grand.jpg",NULL,NULL,NULL,,NULL
"2530","photos/dossierdumois/17.jpg","photos/dossierdumois/17_grand.jpg",NULL,NULL,NULL,"photos/dossierdumois/17_petit.jpg",NULL
"2531",,"photos/dossierdumois/18-1_grand.jpg",NULL,NULL,NULL,,NULL
"2532",,"photos/dossierdumois/18-3_grand.jpg",NULL,NULL,NULL,,NULL
"2533",,"photos/dossierdumois/18-4_grand.jpg",NULL,NULL,NULL,,NULL
"2534",,"photos/dossierdumois/18-5_grand.jpg",NULL,NULL,NULL,,NULL
"2535",,"photos/dossierdumois/18-6_grand.jpg",NULL,NULL,NULL,,NULL
"2536",,"photos/dossierdumois/18-7_grand.jpg",NULL,NULL,NULL,,NULL
"2537",,"photos/dossierdumois/18-8_grand.jpg",NULL,NULL,NULL,,NULL
"2539",,"photos/dossierdumois/18-11_grand.jpg",NULL,NULL,NULL,,NULL
"2540",,"photos/dossierdumois/18-12_grand.jpg",NULL,NULL,NULL,,NULL
"2541",,"photos/dossierdumois/18-13_grand.jpg",NULL,NULL,NULL,,NULL
"2543",,"photos/dossierdumois/18-16_grand.jpg",NULL,NULL,NULL,,NULL
"2544",,"photos/dossierdumois/18-17_grand.jpg",NULL,NULL,NULL,,NULL
"2545",,"photos/dossierdumois/18-18_grand.jpg",NULL,NULL,NULL,,NULL
"2546",,"photos/dossierdumois/18-19_grand.jpg",NULL,NULL,NULL,,NULL
"2548",,"photos/dossierdumois/19-1_grand.jpg",NULL,NULL,NULL,,NULL
"2549",,"photos/dossierdumois/19-2_grand.jpg",NULL,NULL,NULL,,NULL
"2550",,"photos/dossierdumois/19-3_grand.jpg  	",NULL,NULL,NULL,,NULL
"2551",,"photos/dossierdumois/19-4_grand.jpg",NULL,NULL,NULL,,NULL
"2552",,"photos/dossierdumois/19-5_grand.jpg",NULL,NULL,NULL,,NULL
"2553",,"photos/dossierdumois/19-6_grand.jpg",NULL,NULL,NULL,,NULL
"2554",,"photos/dossierdumois/19-7_grand.jpg",NULL,NULL,NULL,,NULL
"2555",,"photos/dossierdumois/19-9_grand.jpg",NULL,NULL,NULL,,NULL
"2556",,"photos/dossierdumois/19-8_grand.jpg",NULL,NULL,NULL,,NULL
"2557",,"photos/dossierdumois/19_grand.jpg",NULL,NULL,NULL,"photos/dossierdumois/19_petit.jpg",NULL
"2558",,"photos/dossierdumois/20-1_grand.jpg",NULL,NULL,NULL,,NULL
"2559",,"photos/dossierdumois/20-2_grand.jpg",NULL,NULL,NULL,,NULL
"2560",,"photos/dossierdumois/20-3_grand.jpg",NULL,NULL,NULL,,NULL
"2561",,"photos/dossierdumois/20-4_grand.jpg",NULL,NULL,NULL,,NULL
"2562",,"photos/dossierdumois/20-5_grand.jpg  	",NULL,NULL,NULL,,NULL
"2563",,"photos/dossierdumois/20-6_grand.jpg",NULL,NULL,NULL,,NULL
"2564",,"photos/dossierdumois/20-7_grand.jpg  	",NULL,NULL,NULL,,NULL
"2565",,"photos/dossierdumois/20-8_grand.jpg",NULL,NULL,NULL,,NULL
"2566",,"photos/dossierdumois/20-9_grand.jpg",NULL,NULL,NULL,,NULL
"2567",,"photos/dossierdumois/20_grand.jpg",NULL,NULL,NULL,"photos/dossierdumois/20_petit.jpg",NULL
"2568",,"photos/dossierdumois/21-1_grand.jpg",NULL,NULL,NULL,,NULL
"2569",,"photos/dossierdumois/21-2_grand.jpg",NULL,NULL,NULL,,NULL
"2570",,"photos/dossierdumois/21-3_grand.jpg",NULL,NULL,NULL,,NULL
"2571",,"photos/dossierdumois/21-4_grand.jpg        	",NULL,NULL,NULL,,NULL
"2572",,"photos/dossierdumois/21-5_grand.jpg",NULL,NULL,NULL,,NULL
"2573",,"photos/dossierdumois/21-6_grand.jpg",NULL,NULL,NULL,,NULL
"2574",,"photos/dossierdumois/21-7_grand.jpg",NULL,NULL,NULL,,NULL
"2575",,"photos/dossierdumois/21-8_grand.jpg  	",NULL,NULL,NULL,,NULL
"2576",,"photos/dossierdumois/21-9_grand.jpg",NULL,NULL,NULL,,NULL
"2577",,"photos/dossierdumois/21-10_grand.jpg",NULL,NULL,NULL,,NULL
"2578",,"photos/dossierdumois/21-11_grand.jpg",NULL,NULL,NULL,,NULL
"2579",,"photos/dossierdumois/21-12_grand.jpg",NULL,NULL,NULL,,NULL
"2580",,"photos/dossierdumois/21_grand.jpg",NULL,NULL,NULL,"photos/dossierdumois/21_petit.jpg",NULL
"2582",,"photos/dossierdumois/22-5_grand.jpg",NULL,NULL,NULL,,NULL
"2583",,"photos/dossierdumois/22-6_grand.jpg",NULL,NULL,NULL,,NULL
"2584",,"photos/dossierdumois/22-8_grand.jpg",NULL,NULL,NULL,,NULL
"2585",,"photos/dossierdumois/22-12_grand.jpg",NULL,NULL,NULL,,NULL
"2586",,"photos/dossierdumois/22_grand.jpg",NULL,NULL,NULL,"photos/dossierdumois/22_petit.jpg",NULL
"2587","photos/23-1.jpg","photos/23-1_grand.jpg",NULL,NULL,NULL,,NULL
"2588","photos/23-2.jpg","photos/23-2_grand.jpg",NULL,NULL,NULL,,NULL
"2589","photos/23-3.jpg","photos/23-3_grand.jpg",NULL,NULL,NULL,,NULL
"2590","photos/23-4.jpg","photos/23-4_grand.jpg",NULL,NULL,NULL,,NULL
"2591","photos/23-5.jpg","photos/23-5_grand.jpg",NULL,NULL,NULL,,NULL
"2592","photos/23-6.jpg","photos/23-6_grand.jpg",NULL,NULL,NULL,,NULL
"2593","photos/23.jpg","photos/23_grand.jpg",NULL,NULL,NULL,"photos/23_petit.jpg",NULL
"2594",,"photos/24-1_grand.jpg",NULL,NULL,NULL,,NULL
"2595",,"photos/24-2_grand.jpg",NULL,NULL,NULL,,NULL
"2596",,"photos/24-3_grand.jpg",NULL,NULL,NULL,,NULL
"2597",,"photos/24-5_grand.jpg",NULL,NULL,NULL,,NULL
"2598",,"photos/24-4_grand.jpg",NULL,NULL,NULL,,NULL
"2599",,"photos/24_grand.jpg",NULL,NULL,NULL,"photos/24_petit.jpg",NULL
"2600",,"photos/25-1_grand.jpg",NULL,NULL,NULL,,NULL
"2601",,"photos/25-1-1_grand.jpg",NULL,NULL,NULL,,NULL
"2602",,"photos/25-1-2_grand.jpg",NULL,NULL,NULL,,NULL
"2603",,"photos/25-1-3_grand.jpg",NULL,NULL,NULL,,NULL
"2604",,"photos/25-2_grand.jpg",NULL,NULL,NULL,,NULL
"2605",,"photos/25-2-1_grand.jpg",NULL,NULL,NULL,,NULL
"2606",,"photos/25-2-5_grand.jpg",NULL,NULL,NULL,,NULL
"2607",,"photos/25-2-6_grand.jpg",NULL,NULL,NULL,,NULL
"2608",,"photos/25-2-3_grand.jpg",NULL,NULL,NULL,,NULL
"2609",,"photos/25-2-4_grand.jpg",NULL,NULL,NULL,,NULL
"2610",,"photos/25-4_grand.jpg",NULL,NULL,NULL,,NULL
"2611",,"photos/25-4-1_grand.jpg",NULL,NULL,NULL,,NULL
"2612",,"photos/25-4-2_grand.jpg",NULL,NULL,NULL,,NULL
"2613",,"photos/25-3_grand.jpg",NULL,NULL,NULL,,NULL
"2614",,"photos/25-3-1_grand.jpg",NULL,NULL,NULL,,NULL
"2615",,"photos/25-5_grand.jpg",NULL,NULL,NULL,,NULL
"2616",,"photos/25-5-1_grand.jpg",NULL,NULL,NULL,,NULL
"2617",,"photos/25-5-2_grand.jpg",NULL,NULL,NULL,,NULL
"2618",,"photos/25-5-3_grand.jpg",NULL,NULL,NULL,,NULL
"2619",,"photos/25-5-5_grand.jpg",NULL,NULL,NULL,,NULL
"2620",,"photos/25-5-6_grand.jpg",NULL,NULL,NULL,,NULL
"2621",,"photos/25_grand.jpg",NULL,NULL,NULL,"photos/25_petit.jpg",NULL
"2622",,"photos/26-1_grand.jpg",NULL,NULL,NULL,,NULL
"2623",,"photos/26-2_grand.jpg",NULL,NULL,NULL,,NULL
"2624",,"photos/26-3_grand.jpg",NULL,NULL,NULL,,NULL
"2625",,"photos/26_grand.jpg",NULL,NULL,NULL,"photos/26_petit.jpg",NULL
"2627",,"photos/27-1_grand.jpg",NULL,NULL,NULL,,NULL
"2628",,"photos/27-3_grand.jpg",NULL,NULL,NULL,,NULL
"2629",,"photos/27-2_grand.jpg",NULL,NULL,NULL,,NULL
"2630",,"photos/27-4_grand.jpg",NULL,NULL,NULL,,NULL
"2631",,"photos/27_grand.jpg",NULL,NULL,NULL,"photos/27_petit.jpg",NULL
"2632",,"photos/28-1_grand.jpg",NULL,NULL,NULL,,NULL
"2633",,"photos/28-2_grand.jpg",NULL,NULL,NULL,,NULL
"2634",,"photos/28-3_grand.jpg",NULL,NULL,NULL,,NULL
"2635",,"photos/28-4_grand.jpg",NULL,NULL,NULL,,NULL
"2636",,"photos/28_grand.jpg",NULL,NULL,NULL,"photos/28_petit.jpg",NULL
"2637",,"photos/28-5_grand.jpg",NULL,NULL,NULL,,NULL
"2638",,"photos/29-1_grand.jpg",NULL,NULL,NULL,,NULL
"2639",,"photos/29-2_grand.jpg",NULL,NULL,NULL,,NULL
"2640",,"photos/29-3_grand.jpg",NULL,NULL,NULL,,NULL
"2641",,"photos/29-4_grand.jpg",NULL,NULL,NULL,,NULL
"2642",,"photos/29-5_grand.jpg",NULL,NULL,NULL,,NULL
"2643",,"photos/29-6_grand.jpg",NULL,NULL,NULL,,NULL
"2644",,"photos/29_grand.jpg",NULL,NULL,NULL,"photos/29_petit.jpg",NULL
"2645",,"photos/30-1_grand.jpg",NULL,NULL,NULL,,NULL
"2646",,"photos/30-2_grand.jpg",NULL,NULL,NULL,,NULL
"2649",,"photos/30_grand.jpg",NULL,NULL,NULL,"photos/30_petit.jpg",NULL
"2651",,"photos/31-2_grand.jpg",NULL,NULL,NULL,,NULL
"2652",,"photos/31-3_grand.jpg",NULL,NULL,NULL,,NULL
"2653",,"photos/31_grand.jpg",NULL,NULL,NULL,"photos/31_petit.jpg",NULL
"2655",,"photos/32-3_grand.jpg",NULL,NULL,NULL,,NULL
"2656",,"photos/32_grand.jpg",NULL,NULL,NULL,"photos/32_petit.jpg",NULL
"2657",,"photos/33-1_grand.jpg",NULL,NULL,NULL,,NULL
"2658",,"photos/33-2_grand.jpg",NULL,NULL,NULL,,NULL
"2659",,"photos/33-3_grand.jpg",NULL,NULL,NULL,,NULL
"2660",,"photos/33-4_grand.jpg",NULL,NULL,NULL,,NULL
"2661",,"photos/33_grand.jpg",NULL,NULL,NULL,"photos/33_petit.jpg",NULL
"2662",,"photos/34-1_grand.jpg",NULL,NULL,NULL,,NULL
"2663",,"photos/34-2_grand.jpg",NULL,NULL,NULL,,NULL
"2664",,"photos/34-3_grand.jpg",NULL,NULL,NULL,,NULL
"2665",,"photos/35-1_grand.jpg",NULL,NULL,NULL,,NULL
"2666",,"photos/34-4_grand.jpg",NULL,NULL,NULL,,NULL
"2667",,"photos/34-5_grand.jpg",NULL,NULL,NULL,,NULL
"2668",,"photos/34-6_grand.jpg",NULL,NULL,NULL,,NULL
"2669",,"photos/34-7_grand.jpg",NULL,NULL,NULL,,NULL
"2670",,"photos/34_grand.jpg",NULL,NULL,NULL,"photos/34_petit.jpg",NULL
"2671",,"photos/35-2_grand.jpg",NULL,NULL,NULL,,NULL
"2672",,"photos/35-3_grand.jpg",NULL,NULL,NULL,,NULL
"2673",,"photos/35-4_grand.jpg",NULL,NULL,NULL,,NULL
"2674",,"photos/35-5_grand.jpg",NULL,NULL,NULL,,NULL
"2675",,"photos/35_grand.jpg",NULL,NULL,NULL,"photos/35_petit.jpg",NULL
"2676",,"photos/36-1_grand.jpg",NULL,NULL,NULL,,NULL
"2677",,"photos/36-2_grand.jpg",NULL,NULL,NULL,,NULL
"2678",,"photos/36-3_grand.jpg",NULL,NULL,NULL,,NULL
"2679",,"photos/36-4_grand.jpg",NULL,NULL,NULL,,NULL
"2680",,"photos/36_grand.jpg",NULL,NULL,NULL,"photos/36_petit.jpg",NULL
"2681",,"photos/37-1_grand.jpg",NULL,NULL,NULL,,NULL
"2682",,"photos/37-2_grand.jpg",NULL,NULL,NULL,,NULL
"2683",,"photos/37-3_grand.jpg",NULL,NULL,NULL,,NULL
"2684",,"photos/37-4_grand.jpg",NULL,NULL,NULL,,NULL
"2685",,"photos/37-5_grand.jpg",NULL,NULL,NULL,,NULL
"2686",,"photos/37-6_grand.jpg",NULL,NULL,NULL,,NULL
"2687",,"photos/37_grand.jpg",NULL,NULL,NULL,"photos/37_petit.jpg",NULL
"2689",,"photos/38_grand.jpg",NULL,NULL,NULL,"photos/38_petit.jpg",NULL
"2690",,"photos/38-1_grand.jpg",NULL,NULL,NULL,,NULL
"2691",,"photos/38-2_grand.jpg",NULL,NULL,NULL,,NULL
"2692",,"photos/38-3_grand.jpg",NULL,NULL,NULL,,NULL
"2693",,"photos/38-4_grand.jpg",NULL,NULL,NULL,,NULL
"2694","photos/bancessai/6.jpg","photos/bancessai/6-1_grand.jpg",NULL,NULL,NULL,,NULL
"2695","photos/bancessai/6bis1.jpg","photos/bancessai/6-2_grand.jpg",NULL,NULL,NULL,,NULL
"2696","photos/bancessai/6bis2.jpg","photos/bancessai/6-3_grand.jpg",NULL,NULL,NULL,,NULL
"2697","photos/bancessai/6bis3.jpg","photos/bancessai/6-4_grand.jpg  	",NULL,NULL,NULL,,NULL
"2698","photos/bancessai/6bis4.jpg","photos/bancessai/6-5_grand.jpg  	",NULL,NULL,NULL,,NULL
"2699","photos/bancessai/8.jpg","photos/bancessai/8-1_grand.jpg",NULL,NULL,NULL,,NULL
"2700","photos/bancessai/8bis1.jpg","photos/bancessai/8-2_grand.jpg",NULL,NULL,NULL,,NULL
"2701","photos/bancessai/8bis2.jpg","photos/bancessai/8-3_grand.jpg",NULL,NULL,NULL,,NULL
"2702","photos/bancessai/8bis3.jpg","photos/bancessai/8-4_grand.jpg",NULL,NULL,NULL,,NULL
"2703","photos/bancessai/8bis4.jpg","photos/bancessai/8-5_grand.jpg",NULL,NULL,NULL,,NULL
"2704","photos/bancessai/8bis5.jpg","photos/bancessai/8-6_grand.jpg",NULL,NULL,NULL,,NULL
"2705","photos/bancessai/9-1.jpg","photos/bancessai/9-1_grand.jpg",NULL,NULL,NULL,,NULL
"2706","photos/bancessai/9-2.jpg","photos/bancessai/9-2_grand.jpg",NULL,NULL,NULL,,NULL
"2707","photos/bancessai/9-3.jpg","photos/bancessai/9-3_grand.jpg",NULL,NULL,NULL,,NULL
"2708","photos/bancessai/9-4.jpg","photos/bancessai/9-4_grand.jpg",NULL,NULL,NULL,,NULL
"2709","photos/bancessai/9-5.jpg","photos/bancessai/9-5_grand.jpg",NULL,NULL,NULL,,NULL
"2710","photos/bancessai/9-6.jpg","photos/bancessai/9-6_grand.jpg",NULL,NULL,NULL,,NULL
"2711","photos/bancessai/10-1.jpg","photos/bancessai/10-1_grand.jpg",NULL,NULL,NULL,,NULL
"2712","photos/bancessai/10-2.jpg","photos/bancessai/10-2_grand.jpg",NULL,NULL,NULL,,NULL
"2713","photos/bancessai/10-3.jpg","photos/bancessai/10-3_grand.jpg",NULL,NULL,NULL,,NULL
"2714","photos/bancessai/10-4.jpg","photos/bancessai/10-4_grand.jpg",NULL,NULL,NULL,,NULL
"2715","photos/bancessai/10-5.jpg","photos/bancessai/10-5_grand.jpg",NULL,NULL,NULL,,NULL
"2716","photos/bancessai/10-6.jpg","photos/bancessai/10-6_grand.jpg",NULL,NULL,NULL,,NULL
"2717","photos/bancessai/10-7.jpg","photos/bancessai/10-7_grand.jpg",NULL,NULL,NULL,,NULL
"2718","photos/bancessai/6.jpg","photos/bancessai/6_grand.jpg",NULL,NULL,NULL,"photos/bancessai/6_petit.jpg",NULL
"2719","photos/bancessai/8.jpg","photos/bancessai/8_grand.jpg",NULL,NULL,NULL,"photos/bancessai/8_petit.jpg",NULL
"2720","photos/bancessai/9.jpg","photos/bancessai/9_grand.jpg",NULL,NULL,NULL,"photos/bancessai/9_petit.jpg",NULL
"2721","photos/bancessai/10.jpg","photos/bancessai/10_grand.jpg",NULL,NULL,NULL,"photos/bancessai/10_petit.jpg",NULL
"2722","photos/11-1.jpg","photos/bancessai/11-1_grand.jpg",NULL,NULL,NULL,,NULL
"2723","photos/11-2.jpg","photos/bancessai/11-2_grand.jpg",NULL,NULL,NULL,,NULL
"2724","photos/11-3.jpg","photos/bancessai/11-3_grand.jpg",NULL,NULL,NULL,,NULL
"2725","photos/11-4.jpg","photos/bancessai/11-4_grand.jpg",NULL,NULL,NULL,,NULL
"2726","photos/12-1.jpg","photos/bancessai/12-1_grand.jpg",NULL,NULL,NULL,,NULL
"2727","photos/11-5.jpg","photos/bancessai/11-5_grand.jpg",NULL,NULL,NULL,,NULL
"2728","photos/11-6.jpg","photos/bancessai/11-6_grand.jpg",NULL,NULL,NULL,,NULL
"2729","photos/11-7.jpg","photos/bancessai/11-7_grand.jpg",NULL,NULL,NULL,,NULL
"2730","photos/11-8.jpg","photos/bancessai/11-8_grand.jpg",NULL,NULL,NULL,,NULL
"2731","photos/11.jpg","photos/bancessai/11_grand.jpg",NULL,NULL,NULL,"photos/bancessai/11_petit.jpg",NULL
"2732","photos/12-2.jpg","photos/bancessai/12-2_grand.jpg",NULL,NULL,NULL,,NULL
"2733","photos/12-3.jpg","photos/bancessai/12-3_grand.jpg",NULL,NULL,NULL,,NULL
"2734","photos/12-4.jpg","photos/bancessai/12-4_grand.jpg",NULL,NULL,NULL,,NULL
"2735","photos/12-5.jpg","photos/bancessai/12-5_grand.jpg",NULL,NULL,NULL,,NULL
"2736","photos/12.jpg","photos/bancessai/12_grand.jpg",NULL,NULL,NULL,"photos/bancessai/12_petit.jpg",NULL
"2737","photos/bancessai/13-1.jpg","photos/bancessai/13-1_grand.jpg",NULL,NULL,NULL,,NULL
"2738","photos/bancessai/13-2.jpg","photos/bancessai/13-2_grand.jpg",NULL,NULL,NULL,,NULL
"2739","photos/bancessai/13-3.jpg","photos/bancessai/13-3_grand.jpg",NULL,NULL,NULL,,NULL
"2740","photos/bancessai/13-4.jpg","photos/bancessai/13-4_grand.jpg",NULL,NULL,NULL,,NULL
"2741","photos/bancessai/13-5.jpg","photos/bancessai/13-5_grand.jpg",NULL,NULL,NULL,,NULL
"2742","photos/bancessai/13-6.jpg","photos/bancessai/13-6_grand.jpg",NULL,NULL,NULL,,NULL
"2743","photos/bancessai/13.jpg","photos/bancessai/13_grand.jpg",NULL,NULL,NULL,"photos/bancessai/13_petit.jpg",NULL
"2744","photos/bancessai/14-1.jpg","photos/bancessai/14-1_grand.jpg",NULL,NULL,NULL,,NULL
"2745","photos/bancessai/14-2.jpg","photos/bancessai/14-2_grand.jpg",NULL,NULL,NULL,,NULL
"2746","photos/bancessai/14-3.jpg  	","photos/bancessai/14-3_grand.jpg  	",NULL,NULL,NULL,,NULL
"2747","photos/bancessai/14-4.jpg  	","photos/bancessai/14-4_grand.jpg  	",NULL,NULL,NULL,,NULL
"2748","photos/bancessai/14-5.jpg","photos/bancessai/14-5_grand.jpg",NULL,NULL,NULL,,NULL
"2749","photos/bancessai/14-6.jpg","photos/bancessai/14-6_grand.jpg",NULL,NULL,NULL,,NULL
"2750","photos/bancessai/14.jpg","photos/bancessai/14_grand.jpg",NULL,NULL,NULL,"photos/bancessai/14_petit.jpg",NULL
"2751",,"photos/bancessai/15-1_grand.jpg",NULL,NULL,NULL,,NULL
"2752",,"photos/bancessai/15-2_grand.jpg",NULL,NULL,NULL,,NULL
"2753",,"photos/bancessai/15-3_grand.jpg",NULL,NULL,NULL,,NULL
"2754",,"photos/bancessai/15-4_grand.jpg",NULL,NULL,NULL,,NULL
"2755",,"photos/bancessai/15-5_grand.jpg",NULL,NULL,NULL,,NULL
"2756",,"photos/bancessai/15-6_grand.jpg",NULL,NULL,NULL,,NULL
"2757",,"photos/bancessai/15_grand.jpg",NULL,NULL,NULL,"photos/bancessai/15_petit.jpg",NULL
"2758",,"photos/bancessai/16-1_grand.jpg  	",NULL,NULL,NULL,,NULL
"2759",,"photos/bancessai/16-2_grand.jpg  	",NULL,NULL,NULL,,NULL
"2760",,"photos/bancessai/16-3_grand.jpg",NULL,NULL,NULL,,NULL
"2761",,"photos/bancessai/16-4_grand.jpg",NULL,NULL,NULL,,NULL
"2762",,"photos/bancessai/16-5_grand.jpg  	",NULL,NULL,NULL,,NULL
"2763",,"photos/bancessai/16-6_grand.jpg  	",NULL,NULL,NULL,,NULL
"2764",,"photos/bancessai/16-7_grand.jpg",NULL,NULL,NULL,,NULL
"2765",,"photos/bancessai/16_grand.jpg",NULL,NULL,NULL,"photos/bancessai/16_petit.jpg",NULL
"2766",,"photos/bancessai/17-1_grand.jpg",NULL,NULL,NULL,,NULL
"2767",,"photos/bancessai/17-2_grand.jpg",NULL,NULL,NULL,,NULL
"2768",,"photos/bancessai/17-3_grand.jpg",NULL,NULL,NULL,,NULL
"2769",,"photos/bancessai/17-4_grand.jpg",NULL,NULL,NULL,,NULL
"2770",,"photos/bancessai/17-5_grand.jpg",NULL,NULL,NULL,,NULL
"2771",,"photos/bancessai/17-6_grand.jpg",NULL,NULL,NULL,,NULL
"2772",,"photos/bancessai/17_grand.jpg",NULL,NULL,NULL,"photos/bancessai/17_petit.jpg",NULL
"2773",,"photos/bancessai/18-1_grand.jpg",NULL,NULL,NULL,,NULL
"2774",,"photos/bancessai/18-2_grand.jpg",NULL,NULL,NULL,,NULL
"2775",,"photos/bancessai/18-3_grand.jpg",NULL,NULL,NULL,,NULL
"2776",,"photos/bancessai/18-4_grand.jpg",NULL,NULL,NULL,,NULL
"2777",,"photos/bancessai/18-5_grand.jpg",NULL,NULL,NULL,,NULL
"2778",,"photos/bancessai/18-6_grand.jpg",NULL,NULL,NULL,,NULL
"2779",,"photos/bancessai/18_grand.jpg",NULL,NULL,NULL,"photos/bancessai/18_petit.jpg",NULL
"2780",,"photos/bancessai/19-1_grand.jpg",NULL,NULL,NULL,,NULL
"2781",,"photos/bancessai/19-2_grand.jpg",NULL,NULL,NULL,,NULL
"2782",,"photos/bancessai/19-3_grand.jpg",NULL,NULL,NULL,,NULL
"2783",,"photos/bancessai/19-4_grand.jpg",NULL,NULL,NULL,,NULL
"2784",,"photos/bancessai/19-5_grand.jpg",NULL,NULL,NULL,,NULL
"2785",,"photos/bancessai/19-6_grand.jpg",NULL,NULL,NULL,,NULL
"2786",,"photos/bancessai/19_grand.jpg",NULL,NULL,NULL,"photos/bancessai/19_petit.jpg",NULL
"2787",,"photos/bancessai/20-1_grand.jpg",NULL,NULL,NULL,,NULL
"2788",,"photos/bancessai/20-2_grand.jpg",NULL,NULL,NULL,,NULL
"2789",,"photos/bancessai/20-3_grand.jpg",NULL,NULL,NULL,,NULL
"2790",,"photos/bancessai/20-4_grand.jpg",NULL,NULL,NULL,,NULL
"2791",,"photos/bancessai/20-5_grand.jpg",NULL,NULL,NULL,,NULL
"2792",,"photos/bancessai/20-6_grand.jpg",NULL,NULL,NULL,,NULL
"2793",,"photos/bancessai/20_grand.jpg",NULL,NULL,NULL,"photos/bancessai/20_petit.jpg",NULL
"2794",,"photos/21-1_grand.jpg",NULL,NULL,NULL,,NULL
"2795",,"photos/21-2_grand.jpg",NULL,NULL,NULL,,NULL
"2796",,"photos/21-3_grand.jpg",NULL,NULL,NULL,,NULL
"2797",,"photos/21-4_grand.jpg",NULL,NULL,NULL,,NULL
"2798",,"photos/21-5_grand.jpg",NULL,NULL,NULL,,NULL
"2799",,"photos/21-6_grand.jpg",NULL,NULL,NULL,,NULL
"2800",,"photos/21_grand.jpg",NULL,NULL,NULL,"photos/21_petit.jpg",NULL
"2801",,"photos/bessai-22-5_grand.jpg",NULL,NULL,NULL,,NULL
"2802",,"photos/bessai-22-1_grand.jpg",NULL,NULL,NULL,,NULL
"2803",,"photos/bessai-22-4_grand.jpg",NULL,NULL,NULL,,NULL
"2804",,"photos/bessai-22-3_grand.jpg",NULL,NULL,NULL,,NULL
"2805",,"photos/bessai-22-2_grand.jpg",NULL,NULL,NULL,,NULL
"2806",,"photos/bessai-22_grand.jpg",NULL,NULL,NULL,"photos/bessai-22_petit.jpg",NULL
"2807",,"photos/bessai-23-1_grand.jpg",NULL,NULL,NULL,,NULL
"2808",,"photos/bessai-23-2_grand.jpg",NULL,NULL,NULL,,NULL
"2809",,"photos/bessai-23-3_grand.jpg",NULL,NULL,NULL,,NULL
"2810",,"photos/bessai-23-4_grand.jpg",NULL,NULL,NULL,,NULL
"2811",,"photos/bessai-23-5_grand.jpg",NULL,NULL,NULL,,NULL
"2812",,"photos/bessai-23-6_grand.jpg",NULL,NULL,NULL,,NULL
"2813",,"photos/bessai-23_grand.jpg",NULL,NULL,NULL,"photos/bessai-23_petit.jpg",NULL
"2814",,"photos/bessai-24-1_grand.jpg",NULL,NULL,NULL,,NULL
"2815",,"photos/bessai-24-2_grand.jpg",NULL,NULL,NULL,,NULL
"2816",,"photos/bessai-24-3_grand.jpg",NULL,NULL,NULL,,NULL
"2817",,"photos/bessai-24-4_grand.jpg",NULL,NULL,NULL,,NULL
"2818",,"photos/bessai-24-5_grand.jpg",NULL,NULL,NULL,,NULL
"2819",,"photos/bessai-24-6_grand.jpg",NULL,NULL,NULL,,NULL
"2820",,"photos/bessai-24-7_grand.jpg",NULL,NULL,NULL,,NULL
"2821",,"photos/bessai-24_grand.jpg",NULL,NULL,NULL,"photos/bessai-24_petit.jpg",NULL
"2822",,"photos/bessai-25-1_grand.jpg",NULL,NULL,NULL,,NULL
"2823",,"photos/bessai-25-2_grand.jpg",NULL,NULL,NULL,,NULL
"2824",,"photos/bessai-25-3_grand.jpg",NULL,NULL,NULL,,NULL
"2825",,"photos/bessai-25-4_grand.jpg",NULL,NULL,NULL,,NULL
"2826",,"photos/bessai-25-5_grand.jpg",NULL,NULL,NULL,,NULL
"2827",,"photos/bessai-25-6_grand.jpg",NULL,NULL,NULL,,NULL
"2828",,"photos/bessai-25_grand.jpg",NULL,NULL,NULL,"photos/bessai-25_petit.jpg",NULL
"2829",,"photos/bessai-26-1_grand.jpg",NULL,NULL,NULL,,NULL
"2830",,"photos/bessai-26-2_grand.jpg",NULL,NULL,NULL,,NULL
"2831",,"photos/bessai-26-3_grand.jpg",NULL,NULL,NULL,,NULL
"2832",,"photos/bessai-26-4_grand.jpg",NULL,NULL,NULL,,NULL
"2833",,"photos/bessai-26-5_grand.jpg",NULL,NULL,NULL,,NULL
"2834",,"photos/bessai-26-6_grand.jpg",NULL,NULL,NULL,,NULL
"2835",,"photos/bessai-26_grand.jpg",NULL,NULL,NULL,,NULL
"2836",,"photos/bessai-27-1_grand.jpg",NULL,NULL,NULL,,NULL
"2837",,"photos/bessai-27-2_grand.jpg",NULL,NULL,NULL,,NULL
"2838",,"photos/bessai-27-3_grand.jpg",NULL,NULL,NULL,,NULL
"2839",,"photos/bessai-27-4_grand.jpg",NULL,NULL,NULL,,NULL
"2840",,"photos/bessai-27-5_grand.jpg",NULL,NULL,NULL,,NULL
"2841",,"photos/bessai-27-6_grand.jpg",NULL,NULL,NULL,,NULL
"2842",,"photos/bessai-27_grand.jpg",NULL,NULL,NULL,"photos/bessai-27_petit.jpg",NULL
"2843",,"photos/bessai-28-1_grand.jpg",NULL,NULL,NULL,,NULL
"2844",,"photos/bessai-28-2_grand.jpg",NULL,NULL,NULL,,NULL
"2845",,"photos/bessai-28-3_grand.jpg",NULL,NULL,NULL,,NULL
"2846",,"photos/bessai-28-4_grand.jpg",NULL,NULL,NULL,,NULL
"2847",,"photos/bessai-28-5_grand.jpg",NULL,NULL,NULL,,NULL
"2848",,"photos/bessai-28-6_grand.jpg",NULL,NULL,NULL,,NULL
"2849",,"photos/bessai-29-1_grand.jpg",NULL,NULL,NULL,,NULL
"2850",,"photos/bessai-29-2_grand.jpg",NULL,NULL,NULL,,NULL
"2851",,"photos/bessai-29-3_grand.jpg",NULL,NULL,NULL,,NULL
"2852",,"photos/bessai-29-4_grand.jpg",NULL,NULL,NULL,,NULL
"2853",,"photos/bessai-29-5_grand.jpg",NULL,NULL,NULL,,NULL
"2854",,"photos/bessai-29-6_grand.jpg",NULL,NULL,NULL,,NULL
"2855",,"photos/bessai-29-7_grand.jpg",NULL,NULL,NULL,,NULL
"2856",,"photos/bessai-29-8_grand.jpg",NULL,NULL,NULL,,NULL
"2857",,"photos/bessai-29_grand.jpg",NULL,NULL,NULL,"photos/bessai-29_petit.jpg",NULL
"2858",,"photos/bessai-30-1_grand.jpg",NULL,NULL,NULL,,NULL
"2859",,"photos/bessai-30-2_grand.jpg",NULL,NULL,NULL,,NULL
"2860",,"photos/bessai-30-3_grand.jpg",NULL,NULL,NULL,,NULL
"2861",,"photos/bessai-30-4_grand.jpg",NULL,NULL,NULL,,NULL
"2862",,"photos/bessai-30-5_grand.jpg",NULL,NULL,NULL,,NULL
"2863",,"photos/bessai-30-6_grand.jpg",NULL,NULL,NULL,,NULL
"2864",,"photos/bessai-30_grand.jpg",NULL,NULL,NULL,"photos/bessai-30_petit.jpg",NULL
"2865",,"photos/pub/2007-amazon-mincejefonds_grand.jpg",NULL,NULL,NULL,"photos/pub/2007-amazon-mincejefonds_petit.jpg",NULL
"2866",,"photos/pub/2007-amazon-shiatsupratique_grand.jpg",NULL,NULL,NULL,"photos/pub/2007-amazon-shiatsupratique_petit.jpg",NULL
"2867",,"photos/pub/2007-amazon-biblearomatheraphie_grand.jpg",NULL,NULL,NULL,"photos/pub/2007-amazon-biblearomatheraphie_petit.jpg",NULL
"2868",,"photos/pub/2007-amazon-corpsreve_grand.jpg",NULL,NULL,NULL,"photos/pub/2007-amazon-corpsreve_petit.jpg",NULL
"2869",,"photos/pub/2007-amazon-methodepilates_grand.jpg",NULL,NULL,NULL,"photos/pub/2007-amazon-methodepilates_petit.jpg",NULL
"2870",,"photos/pub/20071110-care-elliptique_grand.jpg",NULL,NULL,NULL,"photos/pub/20071110-care-elliptique_petit.jpg",NULL
"2871",,"photos/pub/2007-amazon-paresseuse_grand.jpg",NULL,NULL,NULL,"photos/pub/2007-amazon-paresseuse_petit.jpg",NULL
"2872",,"photos/pub/2007-amazon-guidecosmetique_grand.jpg",NULL,NULL,NULL,"photos/pub/2007-amazon-guidecosmetique_petit.jpg",NULL
"2873",,"photos/pub/2007-amazon-guidebeaute_grand.jpg",NULL,NULL,NULL,"photos/pub/2007-amazon-guidebeaute_petit.jpg",NULL
"2874",,"photos/pub/2007-amazon-beauteparesseuse_grand.jpg",NULL,NULL,NULL,"photos/pub/2007-amazon-beauteparesseuse_petit.jpg",NULL
"2875",,"photos/pub/2007-amazon-dessinsmode_grand.jpg",NULL,NULL,NULL,"photos/pub/2007-amazon-dessinsmode_petit.jpg",NULL
"2876",,"photos/pub/2007-amazon-modeaujourdhui_grand.jpg",NULL,NULL,NULL,"photos/pub/2007-amazon-modeaujourdhui_petit.jpg",NULL
"2877",,"photos/pub/2007-amazon-modeenjeux_grand.jpg",NULL,NULL,NULL,"photos/pub/2007-amazon-modeenjeux_petit.jpg",NULL
"2878",,"photos/pub/2007-amazon-osezptg_grand.jpg",NULL,NULL,NULL,"photos/pub/2007-amazon-osezptg_petit.jpg",NULL
"2879",,"photos/pub/2007-amazon-sexualiteparesseuse_grand.jpg",NULL,NULL,NULL,"photos/pub/2007-amazon-sexualiteparesseuse_petit.jpg",NULL
"2880",,"photos/pub/2007-amazon-massageero_grand.jpg",NULL,NULL,NULL,"photos/pub/2007-amazon-massageero_petit.jpg",NULL
"2881",,"photos/pub/2007-lesmills-saccamouflage_grand.jpg",NULL,NULL,NULL,"photos/pub/2007-lesmills-saccamouflage_petit.jpg",NULL
"2882",,"photos/pub/2007-amazon-harrypotter_grand.jpg",NULL,NULL,NULL,"photos/pub/2007-amazon-harrypotter_petit.jpg",NULL
"2883",,"photos/pub/2007-amazon-gps_grand.jpg",NULL,NULL,NULL,"photos/pub/2007-amazon-gps_petit.jpg",NULL
"2884",,"photos/pub/2007-amazon-dvdportableyamada_grand.jpg",NULL,NULL,NULL,"photos/pub/2007-amazon-dvdportableyamada_petit.jpg",NULL
"2885",,"photos/pub/2007-amazon-flashusb_grand.jpg",NULL,NULL,NULL,"photos/pub/2007-amazon-flashusb_petit.jpg",NULL
"2886",,"photos/pub/2007-amazon-jeuxdecouleurs_grand.jpg",NULL,NULL,NULL,"photos/pub/2007-amazon-jeuxdecouleurs_petit.jpg",NULL
"2887",,"photos/pub/2007-amazon-restofrance_grand.jpg",NULL,NULL,NULL,"photos/pub/2007-amazon-restofrance_petit.jpg",NULL
"2888",,"photos/pub/2007-amazon-hotelsamoureux_grand.jpg",NULL,NULL,NULL,"photos/pub/2007-amazon-hotelsamoureux_petit.jpg",NULL
"2889",,"photos/pub/2007-beautenaturellejambes_grand.jpg",NULL,NULL,NULL,"photos/pub/2007-beautenaturellejambes_petit.jpg",NULL
"2890",,"photos/pub/2007-beautenaturellelait_grand.jpg",NULL,NULL,NULL,"photos/pub/2007-beautenaturellelait_petit.jpg",NULL
"2891",,"photos/pub/2007-sexatoria-truth_grand.jpg",NULL,NULL,NULL,"photos/pub/2007-sexatoria-truth_petit.jpg",NULL
"2892",,"photos/pub/2007-beautenaturelledouche_grand.jpg",NULL,NULL,NULL,"photos/pub/2007-beautenaturelledouche_petit.jpg",NULL
"2893",,"photos/pub/2007-winaretta-collierdiwali_grand.jpg",NULL,NULL,NULL,"photos/pub/2007-winaretta-collierdiwali_petit.jpg",NULL
"2894",,"photos/pub/2007-sexatoria-dominokama_grand.jpg",NULL,NULL,NULL,"photos/pub/2007-sexatoria-dominokama_petit.jpg",NULL
"2895",,"photos/pub/20071911-gossipgirl1_grand.jpg",NULL,NULL,NULL,"photos/pub/20071911-gossipgirl1_petit.jpg",NULL
"2896",,"photos/pub/2007-robepoismericanretro_grand.jpg",NULL,NULL,NULL,"photos/pub/2007-robepoismericanretro_petit.jpg",NULL
"2897",,"photos/pub/2007-studentamericanretro_grand.jpg",NULL,NULL,NULL,"photos/pub/2007-studentamericanretro_petit.jpg",NULL
"2898",,"photos/pub/2007manteausessunrougeiro_grand.jpg",NULL,NULL,NULL,"photos/pub/2007manteausessunrougeiro_petit.jpg",NULL
"2899",,"photos/pub/2007-manteauosloiro_grand.jpg",NULL,NULL,NULL,"photos/pub/2007-manteauosloiro_petit.jpg",NULL
"2900",,"photos/pub/20071310-oeuf-anime_grand.jpg",NULL,NULL,NULL,"photos/pub/20071310-oeuf-anime_petit.jpg",NULL
"2901",,"photos/pub/2007-amazon-jeuxero_grand.jpg",NULL,NULL,NULL,"photos/pub/2007-amazon-jeuxero_petit.jpg",NULL
"2902",,"photos/pub/2007-amazon-coachbeaute_grand.jpg",NULL,NULL,NULL,"photos/pub/2007-amazon-coachbeaute_petit.jpg",NULL
"2903",,"photos/pub/2007-amazon-samsungbleu_grand.jpg",NULL,NULL,NULL,"photos/pub/2007-amazon-samsungbleu_petit.jpg",NULL
"2904",,"photos/20072911-wina-nereidesmanchet_grand.jpg",NULL,NULL,NULL,"photos/20072911-wina-nereidesmanchet_petit.jpg",NULL
"2905",,"photos/pub/20070810-marsvenus_grand.jpg",NULL,NULL,NULL,"photos/pub/20070810-marsvenus_petit.jpg",NULL
"2906",,"photos/pub/2007-kusmitea-detox_grand.jpg",NULL,NULL,NULL,"photos/pub/2007-kusmitea-detox_petit.jpg",NULL
"2907",,"photos/pub/2007-winaretta-sautoir3set_grand.jpg",NULL,NULL,NULL,"photos/pub/2007-winaretta-sautoir3set_petit.jpg",NULL
"2908",,"photos/pub/20070310-cosma-beurrekaritedruide_grand.jpg",NULL,NULL,NULL,"photos/pub/20070310-cosma-beurrekaritedruide_petit.jpg",NULL
"2909",,"photos/pub/20070310-raulmidon_grand.jpg",NULL,NULL,NULL,"photos/pub/20070310-raulmidon_petit.jpg",NULL
"2910",,"photos/pub/20070510-Sonyt70_grand.jpg",NULL,NULL,NULL,"photos/pub/20070510-Sonyt70_petit.jpg",NULL
"2911",,"photos/pub/20070510-desperatehousePC_grand.jpg",NULL,NULL,NULL,"photos/pub/20070510-desperatehousePC_petit.jpg",NULL
"2912",,"photos/pub/2007-sexatoria-coffretweekend_grand.jpg",NULL,NULL,NULL,"photos/pub/2007-sexatoria-coffretweekend_petit.jpg",NULL
"2913",,"photos/pub/2007-winaretta-ceinturemellow_grand.jpg",NULL,NULL,NULL,"photos/pub/2007-winaretta-ceinturemellow_petit.jpg",NULL
"2914",,"photos/pub/2007-winaretta-butterflystella_grand.jpg",NULL,NULL,NULL,"photos/pub/2007-winaretta-butterflystella_petit.jpg",NULL
"2915",,"photos/pub/2007-patyka-HESPERIDE_grand.jpg",NULL,NULL,NULL,"photos/pub/2007-patyka-HESPERIDE_petit.jpg",NULL
"2916",,"photos/20081909-gravissimo-3_grand.jpg",NULL,NULL,NULL,"photos/20081909-gravissimo-3_petit.jpg",NULL
"2917",,"photos/pub/2007-manucure-soins_grand.jpg",NULL,NULL,NULL,"photos/pub/2007-manucure-soins_petit.jpg",NULL
"2918",,"photos/pub/2007-monshowroom-capesessun_grand.jpg",NULL,NULL,NULL,"photos/pub/2007-monshowroom-capesessun_petit.jpg",NULL
"2919",,"photos/pub/2007-monshowroom-pochetteanna_grand.jpg",NULL,NULL,NULL,"photos/pub/2007-monshowroom-pochetteanna_petit.jpg",NULL
"2920",,"photos/pub/20072510-glossagnesb_grand.jpg",NULL,NULL,NULL,"photos/pub/20072510-glossagnesb_petit.jpg",NULL
"2921",,"photos/pub/2007-quelle-futlarge_grand.jpg",NULL,NULL,NULL,"photos/pub/2007-quelle-futlarge_petit.jpg",NULL
"2922",,"photos/pub/20070910-jogging_grand.jpg",NULL,NULL,NULL,"photos/pub/20070910-jogging_petit.jpg",NULL
"2923",,"photos/pub/2007-quelle-futlargehaute_grand.jpg",NULL,NULL,NULL,"photos/pub/2007-quelle-futlargehaute_petit.jpg",NULL
"2924",,"photos/pub/20072211-cremeweledanuit-onaturel_grand.jpg",NULL,NULL,NULL,"photos/pub/20072211-cremeweledanuit-onaturel_petit.jpg",NULL
"2925",,"photos/pub/2007-excedence-grigris_grand.jpg",NULL,NULL,NULL,"photos/pub/2007-excedence-grigris_petit.jpg",NULL
"2926",,"photos/pub/2007-quelle-sudation_grand.jpg",NULL,NULL,NULL,"photos/pub/2007-quelle-sudation_petit.jpg",NULL
"2927",,"photos/pub/2007-care-tapisabdos_grand.jpg",NULL,NULL,NULL,"photos/pub/2007-care-tapisabdos_petit.jpg",NULL
"2928",,"photos/pub/20072211-cremelogonanuit-onaturel_grand.jpg",NULL,NULL,NULL,"photos/pub/20072211-cremelogonanuit-onaturel_petit.jpg",NULL
"2929",,"photos/pub/2007-lilassoa-gloss_grand.jpg",NULL,NULL,NULL,"photos/pub/2007-lilassoa-gloss_petit.jpg",NULL
"2930",,"photos/pub/20071310-radiodouche_grand.jpg",NULL,NULL,NULL,"photos/pub/20071310-radiodouche_petit.jpg",NULL
"2931",,"photos/pub/2007-monshowroom-ceinturenoeud_grand.jpg",NULL,NULL,NULL,"photos/pub/2007-monshowroom-ceinturenoeud_petit.jpg",NULL
"2932",,"photos/pub/2007-winaretta-baguecab_grand.jpg",NULL,NULL,NULL,"photos/pub/2007-winaretta-baguecab_petit.jpg",NULL
"2933",,"photos/pub/2007-cosmaterra-shampooing_grand.jpg",NULL,NULL,NULL,"photos/pub/2007-cosmaterra-shampooing_petit.jpg",NULL
"2934",,"photos/pub/2007-phildar-cataloguehiver_grand.jpg",NULL,NULL,NULL,"photos/pub/2007-phildar-cataloguehiver_petit.jpg",NULL
"2935",,"photos/pub/2007-lilassoa-sozen_grand.jpg",NULL,NULL,NULL,"photos/pub/2007-lilassoa-sozen_petit.jpg",NULL
"2936",,"photos/pub/200710-amazon-nokiae90_grand.jpg",NULL,NULL,NULL,"photos/pub/200710-amazon-nokiae90_petit.jpg",NULL
"2937",,"photos/pub/2007-kusmitea-boite45_grand.jpg",NULL,NULL,NULL,"photos/pub/2007-kusmitea-boite45_petit.jpg",NULL
"2938",,"photos/pub/20072510-soinmaniatis_grand.jpg",NULL,NULL,NULL,"photos/pub/20072510-soinmaniatis_petit.jpg",NULL
"2939",,"photos/pub/2007-monshowroom-pullcachemire_grand.jpg",NULL,NULL,NULL,"photos/pub/2007-monshowroom-pullcachemire_petit.jpg",NULL
"2940",,"photos/pub/200710-amazon-harrypotter_grand.jpg",NULL,NULL,NULL,"photos/pub/200710-amazon-harrypotter_petit.jpg",NULL
"2941",,"photos/pub/2007-amazon-radiofgsummer_grand.jpg",NULL,NULL,NULL,"photos/pub/2007-amazon-radiofgsummer_petit.jpg",NULL
"2942",,"photos/pub/2007-amazon-cahiergriboui_grand.jpg",NULL,NULL,NULL,"photos/pub/2007-amazon-cahiergriboui_petit.jpg",NULL
"2943",,"photos/pub/20072710-amazon-relooking_grand.jpg",NULL,NULL,NULL,"photos/pub/20072710-amazon-relooking_petit.jpg",NULL
"2944",,"photos/pub/20072810-bouleplasma_grand.jpg",NULL,NULL,NULL,"photos/pub/20072810-bouleplasma_petit.jpg",NULL
"2945",,"photos/pub/20072810-cadrephoto_grand.jpg",NULL,NULL,NULL,"photos/pub/20072810-cadrephoto_petit.jpg",NULL
"2946",,"photos/pub/2007-amazon-elleveutdesfraises_grand.jpg",NULL,NULL,NULL,"photos/pub/2007-amazon-elleveutdesfraises_petit.jpg",NULL
"2947",,"photos/pub/2007-amazon-unenfant_grand.jpg",NULL,NULL,NULL,"photos/pub/2007-amazon-unenfant_petit.jpg",NULL
"2948",,"photos/pub/20070111-shampoomaniatis_grand.jpg",NULL,NULL,NULL,"photos/pub/20070111-shampoomaniatis_petit.jpg",NULL
"2949",,"photos/pub/20071311-echarpebonnet_grand.jpg",NULL,NULL,NULL,"photos/pub/20071311-echarpebonnet_petit.jpg",NULL
"2950",,"photos/pub/20072211-minceurnuitphyts_grand.jpg",NULL,NULL,NULL,"photos/pub/20072211-minceurnuitphyts_petit.jpg",NULL
"2951",,"photos/pub/20070611-touchebonnemine_grand.jpg",NULL,NULL,NULL,"photos/pub/20070611-touchebonnemine_petit.jpg",NULL
"2952",,"photos/pub/2007-excedence-debardeurreebok_grand.jpg",NULL,NULL,NULL,"photos/pub/2007-excedence-debardeurreebok_petit.jpg",NULL
"2953",,"photos/pub/2007-excedence-debardeuradidas_grand.jpg",NULL,NULL,NULL,"photos/pub/2007-excedence-debardeuradidas_petit.jpg",NULL
"2954",,"photos/pub/2007-amazon-prixgoncourt2007_grand.jpg",NULL,NULL,NULL,"photos/pub/2007-amazon-prixgoncourt2007_petit.jpg",NULL
"2955",,"photos/pub/2007-amazon-harlancoben_grand.jpg",NULL,NULL,NULL,"photos/pub/2007-amazon-harlancoben_petit.jpg",NULL
"2956",,"photos/pub/2007-amazon-simoneveil_grand.jpg",NULL,NULL,NULL,"photos/pub/2007-amazon-simoneveil_petit.jpg",NULL
"2957",,"photos/pub/2007-quelle-kitdents_grand.jpg",NULL,NULL,NULL,"photos/pub/2007-quelle-kitdents_petit.jpg",NULL
"2958",,"photos/pub/20071411-colliereliastone_grand.jpg",NULL,NULL,NULL,"photos/pub/20071411-colliereliastone_petit.jpg",NULL
"2959",,"photos/pub/20071711-busteup_grand.jpg",NULL,NULL,NULL,"photos/pub/20071711-busteup_petit.jpg",NULL
"2960",,"photos/pub/2007-amazon-testosterone_grand.jpg",NULL,NULL,NULL,"photos/pub/2007-amazon-testosterone_petit.jpg",NULL
"2961",,"photos/pub/20071811-boucleoreillestella_grand.jpg",NULL,NULL,NULL,"photos/pub/20071811-boucleoreillestella_petit.jpg",NULL
"2962",,"photos/pub/20072511-quellelibido_grand.jpg",NULL,NULL,NULL,"photos/pub/20072511-quellelibido_petit.jpg",NULL
"2963",,"photos/20072911-price-cadre_grand.jpg",NULL,NULL,NULL,"photos/20072911-price-cadre_petit.jpg",NULL
"2964",,"photos/pub/20072311-dressless-tunique_grand.jpg",NULL,NULL,NULL,"photos/pub/20072311-dressless-tunique_petit.jpg",NULL
"2965",,"photos/pub/20072211-rougeslevres-onaturel_grand.jpg",NULL,NULL,NULL,"photos/pub/20072211-rougeslevres-onaturel_petit.jpg",NULL
"2966",,"photos/pub/20072211-vernis-onaturel_grand.jpg",NULL,NULL,NULL,"photos/pub/20072211-vernis-onaturel_petit.jpg",NULL
"2967",,"photos/20072811-monshow-hellokitty_grand.jpg",NULL,NULL,NULL,"photos/20072811-monshow-hellokitty_petit.jpg",NULL
"2968",,"photos/pub/20072211-melloyellowboots_grand.jpg",NULL,NULL,NULL,"photos/pub/20072211-melloyellowboots_petit.jpg",NULL
"2969",,"photos/pub/20072311-sistershopmellow_grand.jpg",NULL,NULL,NULL,"photos/pub/20072311-sistershopmellow_petit.jpg",NULL
"2970",,"photos/20083004-maillot_grand.jpg",NULL,NULL,NULL,"photos/20083004-maillot_petit.jpg",NULL
"2971",,"photos/pub/20072311-sistershoplollipop_grand.jpg",NULL,NULL,NULL,"photos/pub/20072311-sistershoplollipop_petit.jpg",NULL
"2972",,"photos/pub/20072311-sistershoescot_grand.jpg",NULL,NULL,NULL,"photos/pub/20072311-sistershoescot_petit.jpg",NULL
"2973",,"photos/pub/20072511-pyjamaquelle_grand.jpg",NULL,NULL,NULL,"photos/pub/20072511-pyjamaquelle_petit.jpg",NULL
"2974",,"photos/2008-sandale-sistershopping_grand.jpg",NULL,NULL,NULL,"photos/2008-sandale-sistershopping_petit.jpg",NULL
"2975",,"photos/20072911-winaretta-nereides_grand.jpg",NULL,NULL,NULL,"photos/20072911-winaretta-nereides_petit.jpg",NULL
"2976",,"photos/20072911-wina-nereidesbague_grand.jpg",NULL,NULL,NULL,"photos/20072911-wina-nereidesbague_petit.jpg",NULL
"2977",,"photos/20073011-price-osez_grandjpg",NULL,NULL,NULL,"photos/20073011-price-osez_petit.jpg",NULL
"2978",,"photos/20070312-shoppingpl-nuisette_grand.jpg",NULL,NULL,NULL,"photos/20070312-shoppingpl-nuisette_petit.jpg",NULL
"2979",,"photos/20070312-affili-monshow_grand.jpg",NULL,NULL,NULL,"photos/20070312-affili-monshow_petit.jpg",NULL
"2980",,"photos/20070312-shoppingpl-jupe_grand.jpg",NULL,NULL,NULL,"photos/20070312-shoppingpl-jupe_petit.jpg",NULL
"2981",,"photos/20070312-shoppingpl-manteau2_grand.jpg",NULL,NULL,NULL,"photos/20070312-shoppingpl-manteau2_petit.jpg",NULL
"2982",,"photos/20070312-shoppingpl-manteau_grand.jpg",NULL,NULL,NULL,"photos/20070312-shoppingpl-manteau_petit.jpg",NULL
"2983",,"photos/20070312-dressforles-chemise_grand.jpg",NULL,NULL,NULL,"photos/20070312-dressforles-chemise_petit.jpg",NULL
"2984",,"photos/20070312-winarettaboucles_grand.jpg",NULL,NULL,NULL,"photos/20070312-winarettaboucles_petit.jpg",NULL
"2985",,"photos/20070312-monshowroom-robe_grand.jpg",NULL,NULL,NULL,"photos/20070312-monshowroom-robe_petit.jpg",NULL
"2986",,"photos/20070312-monshowroom-veste_grand.jpg",NULL,NULL,NULL,"photos/20070312-monshowroom-veste_petit.jpg",NULL
"2987",,"photos/20071112-lumierephilips_grand.jpg",NULL,NULL,NULL,"photos/20071112-lumierephilips_petit.jpg",NULL
"2988",,"photos/20071112-purificateurair_grand.jpg",NULL,NULL,NULL,"photos/20071112-purificateurair_petit.jpg",NULL
"2989",,"photos/20071212-dvdnoel-1_grand.jpg",NULL,NULL,NULL,"photos/20071212-dvdnoel-1_petit.jpg",NULL
"2990",,"photos/20071212-dvdnoelelie_grand.jpg",NULL,NULL,NULL,"photos/20071212-dvdnoelelie_petit.jpg",NULL
"2991",,"photos/20071212-dvdnoelgroland_petit.jpg",NULL,NULL,NULL,"photos/20071212-dvdnoelgroland_petit.jpg",NULL
"2992",,"photos/20071212-cdnoelbarbara_grand.jpg",NULL,NULL,NULL,"photos/20071212-cdnoelbarbara_petit.jpg",NULL
"2993",,"photos/20071312-sacbesace_grand.jpg",NULL,NULL,NULL,"photos/20071312-sacbesace_petit.jpg",NULL
"2994",,"photos/20071312-limeagnesb_grand.jpg",NULL,NULL,NULL,"photos/20071312-limeagnesb_petit.jpg",NULL
"2995",,"photos/20071412-sudoku_grand.jpg",NULL,NULL,NULL,"photos/20071412-sudoku_petit.jpg",NULL
"2996",,"photos/20071912-chauffetasse_grand.jpg",NULL,NULL,NULL,"photos/20071912-chauffetasse_petit.jpg",NULL
"2997",,"photos/2008-lesmills-jeansanders_grand.jpg",NULL,NULL,NULL,"photos/2008-lesmills-jeansanders_petit.jpg",NULL
"2998",,"photos/2008-lesmills-salopette_grand.jpg",NULL,NULL,NULL,"photos/2008-lesmills-salopette_petit.jpg",NULL
"2999",,"photos/20080411-savonboutique_grand.jpg",NULL,NULL,NULL,"photos/20080411-savonboutique_petit.jpg",NULL
"3000",,"photos/2008-effiliation-kusmitealove_grand.jpg",NULL,NULL,NULL,"photos/2008-effiliation-kusmitealove_petit.jpg",NULL
"3001",,"photos/2008-lesmills-teeshirtcapuche_grand.jpg",NULL,NULL,NULL,"photos/2008-lesmills-teeshirtcapuche_petit.jpg",NULL
"3002",,"photos/2008-amazon-cecilia_grand.jpg",NULL,NULL,NULL,"photos/2008-amazon-cecilia_petit.jpg",NULL
"3003",,"photos/20083103-lipsticklove_grand.jpg",NULL,NULL,NULL,"photos/20083103-lipsticklove_petit.jpg",NULL
"3004",,"photos/2008-lesmills-hautpump_grand.jpg",NULL,NULL,NULL,"photos/2008-lesmills-hautpump_petit.jpg",NULL
"3005",,"photos/2008-lesmills-pantalonbb_grand.jpg",NULL,NULL,NULL,"photos/2008-lesmills-pantalonbb_petit.jpg",NULL
"3006",,"photos/2008-lesmills-futcombat_grand.jpg",NULL,NULL,NULL,"photos/2008-lesmills-futcombat_petit.jpg",NULL
"3007",,"photos/2008-lesmills-brassiereattack_grand.jpg",NULL,NULL,NULL,"photos/2008-lesmills-brassiereattack_petit.jpg",NULL
"3008",,"photos/2008-lesmills-debardeurbb_grand.jpg",NULL,NULL,NULL,"photos/2008-lesmills-debardeurbb_petit.jpg",NULL
"3009",,"photos/2008-amazon-little_grand.jpg",NULL,NULL,NULL,"photos/2008-amazon-little_petit.jpg",NULL
"3010",,"photos/20080203-extenseccb_grand.jpg",NULL,NULL,NULL,"photos/20080203-extenseccb_petit1.jpg",NULL
"3011",,"photos/20080203-serumlissccb_grand.jpg",NULL,NULL,NULL,"photos/20080203-serumlissccb_petit.jpg",NULL
"3012",,"photos/2008-bdpenelope_grand.jpg",NULL,NULL,NULL,"photos/2008-bdpenelope_petit.jpg",NULL
"3013",,"photos/2008-fredinko_grand.jpg",NULL,NULL,NULL,"photos/2008-fredinko_petit.jpg",NULL
"3014",,"photos/20082503-lesmills_grand.jpg",NULL,NULL,NULL,"photos/20082503-lesmills_petit.jpg",NULL
"3015",,"photos/20082404-quelle_grand.jpg",NULL,NULL,NULL,"photos/20082404-quelle_petit.jpg",NULL
"3016",,"photos/20082404-lesmills_grand.jpg",NULL,NULL,NULL,"photos/20082404-lesmills_petit.jpg",NULL
"3017",,"photos/20082404-lesmillspantalon_grand.jpg",NULL,NULL,NULL,"photos/20082404-lesmillspantalon_petit.jpg",NULL
"3018",,"photos/20082404-ceinturebronze_grand.jpg",NULL,NULL,NULL,"photos/20082404-ceinturebronze_petit.jpg",NULL
"3019",,"photos/20082404-topshorty-lafraise_grand.jpg",NULL,NULL,NULL,"photos/20082404-topshorty-lafraise_petit.jpg",NULL
"3020",,"photos/20081205-pochette_grand.jpg",NULL,NULL,NULL,"photos/20081205-pochette_petit.jpg",NULL
"3021",,"photos/20082905-sexolivres_grand.jpg",NULL,NULL,NULL,"photos/20082905-sexolivres_petit.jpg",NULL
"3022",,"photos/20080106-porte-bouteille_gr.jpg",NULL,NULL,NULL,"photos/20080106-bouteille_petit.jpg",NULL
"3023",,"photos/20082506--sistershopping_grand.jpg",NULL,NULL,NULL,"photos/20082506--sistershopping_petit.jpg",NULL
"3024",,"photos/20082506-sistershopping1_grand.jpg",NULL,NULL,NULL,"photos/20082506-sistershopping1_petit.jpg",NULL
"3025",,"photos/20082008-trendy-2_grand.jpg",NULL,NULL,NULL,"photos/20082008-trendy-2_petit.jpg",NULL
"3026",,"photos/20082506-sarouellesmills_grand.jpg",NULL,NULL,NULL,"photos/20082506-sarouellesmills_petit.jpg",NULL
"3027",,"photos/2008-lesmills-brassiererouge_grand.jpg",NULL,NULL,NULL,"photos/2008-lesmills-brassiererouge_petit.jpg",NULL
"3028",,"photos/2008-lesmills-sacvoyage_grand.jpg",NULL,NULL,NULL,"photos/2008-lesmills-sacvoyage_petit.jpg",NULL
"3029",,"photos/20082212-robe_grand.jpg",NULL,NULL,NULL,"photos/20082212-robe_petit.jpg",NULL
"3030",,"photos/20081909-gravissimo-1_grand.jpg",NULL,NULL,NULL,"photos/20081909-gravissimo-1_petit.jpg",NULL
"3031",,"photos/20081909-gravissimo-2_grand.jpg",NULL,NULL,NULL,"photos/20081909-gravissimo-2_petit.jpg",NULL
"3032",,"photos/20082008-trendy-1_grand.jpg",NULL,NULL,NULL,"photos/20082008-trendy-1_petit.jpg",NULL
"3033",,"photos/20081909-lesmills_grand.jpg",NULL,NULL,NULL,"photos/20081909-lesmills_petit.jpg",NULL
"3034",,"photos/20081909-lesmills-1_grand.jpg",NULL,NULL,NULL,"photos/20081909-lesmills-1_petit.jpg",NULL
"3035",,"photos/20080112-pochetteAKB_grand.jpg",NULL,NULL,NULL,"photos/20080112-pochetteAKB_petit.jpg",NULL
"3036",,"photos/20082008-trendy-3_gra,d.jpg",NULL,NULL,NULL,"photos/20082008-trendy-3_petit.jpg",NULL
"3037",,"photos/20082008-trendy-4_grand.jpg",NULL,NULL,NULL,"photos/20082008-trendy-4_petit.jpg",NULL
"3038",,"photos/20082008-trendy-5_grand.jpg",NULL,NULL,NULL,"photos/20082008-trendy-5_petit.jpg",NULL
"3039",,"photos/20082008-trendy-6_grand.jpg",NULL,NULL,NULL,"photos/20082008-trendy-6_petit.jpg",NULL
"3040",,"photos/20082008-trendy-7_grand.jpg",NULL,NULL,NULL,"photos/20082008-trendy-7_petit.jpg",NULL
"3041",,"photos/20080210-boutcf_grand.jpg",NULL,NULL,NULL,"photos/20080210-boutch_petit.jpg",NULL
"3042",,"photos/20080210-boutcf2_grand.jpg",NULL,NULL,NULL,"photos/20080210-boutcf2_petit.jpg",NULL
"3043",,"photos/20080711-roomba_grand.jpg",NULL,NULL,NULL,"photos/20082611-roomba_petit.jpg",NULL
"3044",,"photos/20080310-tonertabs_grand.jpg",NULL,NULL,NULL,"photos/20080310-tonertabs_petit.jpg",NULL
"3045",,"photos/20080810-trendy_grand.jpg",NULL,NULL,NULL,"photos/20080810-trendy_petit.jpg",NULL
"3046",,"photos/20080310-oracle_grand.jpg",NULL,NULL,NULL,"photos/20080310-oracle_petit.jpg",NULL
"3047",,"photos/balance_grand.jpg",NULL,NULL,NULL,"photos/balance_petit.jpg",NULL
"3048",,"photos/20081410-trendy-1_grand.jpg",NULL,NULL,NULL,"photos/20081410-trendy-1_petit.jpg",NULL
"3049",,"photos/20081410-trendy-2_grand.jpg",NULL,NULL,NULL,"photos/20081410-trendy-2_petit.jpg",NULL
"3050",,"photos/20080310-vanillafizz_grand.jpg",NULL,NULL,NULL,"photos/20080310-vanillafizz_petit.jpg",NULL
"3051",,"photos/20081011-trendybazar_grand.jpg",NULL,NULL,NULL,"photos/20081011-trendybazar_petit.jpg",NULL
"3052",,"photos/20081011-trendybazar-1_grand.jpg",NULL,NULL,NULL,"photos/20081011-trendybazar-1_petit.jpg",NULL
"3053",,"photos/20081211-poubelle_grand.jpg",NULL,NULL,NULL,"photos/20081211-poubelle_petit.jpg",NULL
"3054",,"photos/20080711-autobox_grand.jpg",NULL,NULL,NULL,"photos/20081911-autobox_petit.jpg",NULL
"3055",,"photos/20082411-akbboutique_grand.jpg",NULL,NULL,NULL,"photos/20082411-akbboutique_petit.jpg",NULL
"3056",,"photos/20080112-montre_grand.jpg",NULL,NULL,NULL,"photos/20080112-montre_petit.jpg",NULL
"3057",,"photos/20080812-akb_grand.jpg",NULL,NULL,NULL,"photos/20080812-akb_petit.jpg",NULL
"3058",,"photos/20081612-doudoune_grand.jpg",NULL,NULL,NULL,"photos/20081612-doudoune_petit.jpg",NULL
"3059",,"photos/20082401-cancun_grand.jpg",NULL,NULL,NULL,"photos/20082401-cancun_petit.jpg",NULL
"3060",,"photos/20091802-vernis_grand.jpg",NULL,NULL,NULL,"photos/20091802-vernis_petit.jpg",NULL
"3061",,"photos/20092104-accrochesac1_grand.jpg",NULL,NULL,NULL,"photos/20092104-accrochesac1_petit.jpg",NULL
"3062",,"photos/20092104-accrochesac2_grand.jpg",NULL,NULL,NULL,"photos/20092104-accrochesac2_petit.jpg",NULL
"3063",,"photos/20092104-accrochesac3_grand.jpg",NULL,NULL,NULL,"photos/20092104-accrochesac3_petit.jpg",NULL
"3064",,"photos/20092604-vernis_grand.jpg",NULL,NULL,NULL,"photos/20092604-vernis_petit.jpg",NULL
"3065",,"photos/20091706-crystal_grand.jpg",NULL,NULL,NULL,"photos/20091706-crystal_petit.jpg",NULL
"3066",,"photos/20092604-minceur_grand.jpg",NULL,NULL,NULL,"photos/20092604-minceur_petit.jpg",NULL
"3067",,"photos/20092604-poudre_grand.jpg",NULL,NULL,NULL,"photos/20092604-poudre_petit.jpg",NULL
"3068",,"photos/20092604-correcteur_grand.jpg",NULL,NULL,NULL,"photos/20092604-correcteur_petit.jpg",NULL
"3069",,"photos/20091706-bague_grand.jpg",NULL,NULL,NULL,"photos/20091706-bague_petit.jpg",NULL
"3070","photos/20090307-cochon.jpg","photos/20090307-cochon_grand.jpg",NULL,NULL,NULL,"photos/20090307-cochon_petit.jpg",NULL
"3073","photos/200900507-slimmy.jpg","photos/200900507-slimmy_grand.jpg",NULL,NULL,NULL,"photos/200900507-slimmy_petit.jpg",NULL
"3072","photos/20090407-jessicabiel.jpg","photos/20090407-jessicabiel_grand.jpg",NULL,NULL,NULL,"photos/20090407-jessicabiel_petit.jpg",NULL
"3074","photos/20090507-cafelacombe.jpg","photos/20090507-cafelacombe_grand.jpg",NULL,NULL,NULL,"photos/20090507-cafelacombe_petit.jpg",NULL
"3075","photos/20090507-verybadtrip.jpg","photos/20090507-verybadtrip_grand.jpg",NULL,NULL,NULL,"photos/20090507-verybadtrip_petit.jpg",NULL
"3076","photos/20090607-corbier.jpg","photos/20090607-corbier_grand.jpg",NULL,NULL,NULL,"photos/20090607-corbier_petit.jpg",NULL
"3077","photos/20090607-parisderniere.jpg","photos/20090607-parisderniere_grand.jpg",NULL,NULL,NULL,"photos/20090607-parisderniere_petit.jpg",NULL
"3078","photos/20090607-encheresprivees.jpg","photos/20090607-encheresprivees_grand.jpg",NULL,NULL,NULL,"photos/20090607-encheresprivees_petit.jpg",NULL
"3079","photos/20090607-pinup.jpg","photos/20090607-pinup_grand.jpg",NULL,NULL,NULL,"photos/20090607-pinup_petit.jpg",NULL
"3080","photos/20090707-velouteavocat.jpg","photos/20090707-velouteavocat_grand.jpg",NULL,NULL,NULL,"photos/20090707-velouteavocat_petit.jpg",NULL
"3081","photos/20090707-kellyr.jpg","photos/20090707-kellyr_grand.jpg",NULL,NULL,NULL,"photos/20090707-kellyr_petit.jpg",NULL
"3082","photos/20090707-wattbike.jpg","photos/20090707-wattbike_grand.jpg",NULL,NULL,NULL,"photos/20090707-wattbike_petit.jpg",NULL
"3083","photos/20090707-claireleloup.jpg","photos/20090707-claireleloup_grand.jpg",NULL,NULL,NULL,"photos/20090707-claireleloup_petit.jpg",NULL
"3084","photos/20090807-piscine.jpg","photos/20090807-piscine_grand.jpg",NULL,NULL,NULL,"photos/20090807-piscine_petit.jpg",NULL
"3085","photos/20090807-francofolies.jpg","photos/20090807-francofolies_grand.jpg",NULL,NULL,NULL,"photos/20090807-francofolies_petit.jpg",NULL
"3086","photos/20090807-kookai.jpg","photos/20090807-kookai_grand.jpg",NULL,NULL,NULL,"photos/20090807-kookai_petit.jpg",NULL
"3087","photos/20090907-m.jpg","photos/20090907-m_grand.jpg",NULL,NULL,NULL,"photos/20090907-m_petit.jpg",NULL
"3088","photos/20090907-vivelledop.jpg","photos/20090907-vivelledop_grand.jpg",NULL,NULL,NULL,"photos/20090907-vivelledop_petit.jpg",NULL
"3089","photos/20090907-marine.jpg","photos/20090907-marine_grand.jpg",NULL,NULL,NULL,"photos/20090907-marine_petit.jpg",NULL
"3090","photos/20090907-concertbrit.jpg","photos/20090907-concertbrit_grand.jpg",NULL,NULL,NULL,"photos/20090907-concertbrit_petit.jpg",NULL
"3091","photos/20091007-lillywood.jpg","photos/20091007-lillywood_grand.jpg",NULL,NULL,NULL,"photos/20091007-lillywood_petit.jpg",NULL
"3092","photos/20091007-arome.jpg","photos/20091007-arome_grand.jpg",NULL,NULL,NULL,"photos/20091007-arome_petit.jpg",NULL
"3093","photos/20091007-festivalavignon.jpg","photos/20091007-festivalavignon_grand.jpg",NULL,NULL,NULL,"photos/20091007-festivalavignon_petit.jpg",NULL
"3094","photos/20091007-livesete.jpg","photos/20091007-livesete_grand.jpg",NULL,NULL,NULL,"photos/20091007-livesete_petit.jpg",NULL
"3095","photos/20091007-harrypotter.jpg","photos/20091007-harrypotter_grand.jpg",NULL,NULL,NULL,"photos/20091007-harrypotter_petit.jpg",NULL
"3096","photos/20091007-castelbajac.jpg","photos/20091007-castelbajac_grand.jpg",NULL,NULL,NULL,"photos/20091007-castelbajac_petit.jpg",NULL
"3097","photos/20091007-victoria.jpg","photos/20091007-victoria_grand.jpg",NULL,NULL,NULL,"photos/20091007-victoria_petit.jpg",NULL
"3098","photos/20091107-marchenordique.jpg","photos/20091107-marchenordique_grand.jpg",NULL,NULL,NULL,"photos/20091107-marchenordique_petit.jpg",NULL
"3099","photos/20090107-tongs.jpg","photos/20090107-tongs_grand.jpg",NULL,NULL,NULL,"photos/20090107-tongs_petit.jpg",NULL
"3100","photos/20091307-socialclub.jpg","photos/20091307-socialclub_grand.jpg",NULL,NULL,NULL,"photos/20091307-socialclub_petit.jpg",NULL
"3101","photos/20091307-mauxventre.jpg","photos/20091307-mauxventre_grand.jpg",NULL,NULL,NULL,"photos/20091307-mauxventre_petit.jpg",NULL
"3102","photos/20091307-lesmills.jpg","photos/20091307-lesmills_grand.jpg",NULL,NULL,NULL,"photos/20091307-lesmills_petit.jpg",NULL
"3103","photos/20070811-rupture.jpg","photos/20071010-rupture_grand.jpg",NULL,NULL,NULL,"photos/20071010-rupture_petit.jpg",NULL
"3104","photos/39.jpg","photos/39_grand.jpg",NULL,NULL,NULL,"photos/39_petit.jpg",NULL
"3105","photos/39-1.jpg","photos/39-1_grand.jpg",NULL,NULL,NULL,NULL,NULL
"3106","photos/39-2.jpg","photos/39-2_grand.jpg",NULL,NULL,NULL,NULL,NULL
"3107","photos/39-3.jpg","photos/39-3_grand.jpg",NULL,NULL,NULL,NULL,NULL
"3108","photos/39-4.jpg","photos/39-4_grand.jpg",NULL,NULL,NULL,NULL,NULL
"3109","photos/39-5.jpg","photos/39-5_grand.jpg",NULL,NULL,NULL,NULL,NULL
"3110","photos/39-6.jpg","photos/39-6_grand.jpg",NULL,NULL,NULL,NULL,NULL
"3111","photos/39-7.jpg","photos/39-7_grand.jpg",NULL,NULL,NULL,NULL,NULL
"3112","photos/39-8.jpg","photos/39-8_grand.jpg",NULL,NULL,NULL,NULL,NULL
"3113","photos/39-9.jpg","photos/39-9_grand.jpg",NULL,NULL,NULL,NULL,NULL
"3114","photos/20090807-deco14juillet.jpg","photos/20090807-deco14juillet_grand.jpg",NULL,NULL,NULL,"photos/20090807-deco14juillet_petit.jpg",NULL
"3115","photos/20091507-casqueantibruit.jpg","photos/20091507-casqueantibruit_grand.jpg",NULL,NULL,NULL,"photos/20091507-casqueantibruit_petit.jpg",NULL
"3116","photos/20091507-barbara.jpg","photos/20091507-barbara_grand.jpg",NULL,NULL,NULL,"photos/20091507-barbara_petit.jpg",NULL
"3117","photos/20091607-saladeraisins.jpg","photos/20091607-saladeraisins_grand.jpg",NULL,NULL,NULL,"photos/20091607-saladeraisins_petit.jpg",NULL
"3118","photos/20091607-2bpeeling.jpg","photos/20091607-2bpeeling_grand.jpg",NULL,NULL,NULL,"photos/20091607-2Bpeeling_petit.jpg",NULL
"3119","photos/20091707-molales.jpg","photos/20091707-molales_grand.jpg",NULL,NULL,NULL,"photos/20091707-molales_petit.jpg",NULL
"3120","photos/20091807-sonylaparisienne.jpg","photos/20091807-sonylaparisienne_grand.jpg",NULL,NULL,NULL,"photos/20091807-sonylaparisienne_petit.jpg",NULL
"3121","photos/20091807-simoneveil.jpg","photos/20091807-simoneveil_grand.jpg",NULL,NULL,NULL,"photos/20091807-simoneveil_petit.jpg",NULL
"3122","photos/20091907-valises.jpg","photos/20091907-valises_grand.jpg",NULL,NULL,NULL,"photos/20091907-valises_petit.jpg",NULL
"3123","photos/20092007-sonywalkman.jpg","photos/20092007-sonywalkman_grand.jpg",NULL,NULL,NULL,"photos/20092007-sonywalkman_petit.jpg",NULL
"3124","photos/20092007-claire.jpg","photos/20092007-claire_grand.jpg",NULL,NULL,NULL,"photos/20092007-claire_petit.jpg",NULL
"3125","photos/20092007-contenuvalises.jpg","photos/20092007-contenuvalises_grand.jpg",NULL,NULL,NULL,"photos/20092007-contenuvalises_petit.jpg",NULL
"3126","photos/20092007-victorialivre.jpg","photos/20092007-victorialivre_grand.jpg",NULL,NULL,NULL,"photos/20092007-victorialivre_petit.jpg",NULL
"3127","photos/20092007-pyramidealimentaire.jpg","photos/20092007-pyramidealimentaire_grand.jpg",NULL,NULL,NULL,"photos/20092007-pyramidealimentaire_petit.jpg","photos/20092007-pyramidealimentaire_conseil.jpg"
"3128","photos/20092007-cicaplast.jpg","photos/20092007-cicaplast_grand.jpg",NULL,NULL,NULL,NULL,"photos/20092007-cicaplast_conseil.jpg"
"3129","photos/20092007-oenobiol.jpg","photos/20092007-oenobiol_grand.jpg",NULL,NULL,NULL,NULL,"photos/20092007-oenobiol_conseil.jpg"
"3130","photos/20092007-coiffurecourte.jpg","photos/20092007-coiffurecourte_grand.jpg",NULL,NULL,NULL,NULL,"photos/20092007-coiffurecourte_conseil.jpg"
"3131","photos/20092007-stress.jpg","photos/20092007-stress_grand.jpg",NULL,NULL,NULL,NULL,"photos/20092007-stress_conseil.jpg"
"3132","photos/20092107-beautesummer.jpg","photos/20092107-beautesummer_grand.jpg",NULL,NULL,NULL,"photos/20092107-beautesummer_petit.jpg",NULL
"3133","photos/20092107-soie.jpg","photos/20092107-soie_grand.jpg",NULL,NULL,NULL,"photos/20092107-soie_petit.jpg",NULL
"3134","photos/20092107-cheveuxvolumineux.jpg","photos/20092107-cheveuxvolumineux_grand.jpg",NULL,NULL,NULL,"photos/20092107-cheveuxvolumineux_petit.jpg","photos/20092107-cheveuxvolumineux_conseil.jpg"
"3135","photos/20092107-hennecuivre.jpg","photos/20092107-hennecuivre_grand.jpg",NULL,NULL,NULL,NULL,"photos/20092107-hennecuivre_conseil.jpg"
"3136","photos/20092107-teteovale.jpg","photos/20092107-teteovale_grand.jpg",NULL,NULL,NULL,NULL,"photos/20092107-teteovale_conseil.jpg"
"3137","photos/20092107-makeupclubbing.jpg","photos/20092107-makeupclubbing_grand.jpg",NULL,NULL,NULL,"photos/20092107-makeupclubbing_petit.jpg",NULL
"3138","photos/20092007-mangerlanuit.jpg","photos/20092007-mangerlanuit_grand.jpg",NULL,NULL,NULL,"photos/20092007-mangerlanuit_petit.jpg",NULL
"3139","photos/20092007-osloswan.jpg","photos/20092007-osloswan_grand.jpg",NULL,NULL,NULL,"photos/20092007-osloswan_petit.jpg",NULL
"3140","photos/20092007-huiles.jpg","photos/20092007-huiles_grand.jpg",NULL,NULL,NULL,"photos/20092007-huiles_petit.jpg",NULL
"3141","photos/20092107-deco.jpg","photos/20092107-deco_grand.jpg",NULL,NULL,NULL,"photos/20092107-deco_petit.jpg",NULL
"3142","photos/20092107-ciseau.jpg","photos/20092107-ciseau_grand.jpg",NULL,NULL,NULL,"photos/20092107-ciseau_petit.jpg",NULL
"3143","photos/20092107-chutecheveux.jpg","photos/20092107-chutecheveux_grand.jpg",NULL,NULL,NULL,"photos/20092107-chutecheveux_petit.jpg",NULL
"3144","photos/20092107-marcelgreen.jpg","photos/20092107-marcelgreen_grand.jpg",NULL,NULL,NULL,"photos/20092107-marcelgreen_petit.jpg",NULL
"3145","photos/20092107-auris.jpg","photos/20092107-auris_grand.jpg",NULL,NULL,NULL,"photos/20092107-auris_petit.jpg",NULL
"3146","photos/20090807-baltes.jpg","photos/20090807-baltes_grand.jpg",NULL,NULL,NULL,"photos/20090807-baltes_petit.jpg",NULL
"3147","photos/20090807-freelook.jpg","photos/20090807-freelook_grand.jpg",NULL,NULL,NULL,"photos/20090807-freelook_petit.jpg",NULL
"3148","photos/20090807-cleusbsolaire.jpg","photos/20090807-cleusbsolaire_grand.jpg",NULL,NULL,NULL,"photos/20090807-cleusbsolaire_petit.jpg",NULL
"3149","photos/20092107-justunique.jpg","photos/20092107-justunique_grand.jpg",NULL,NULL,NULL,"photos/20092107-justunique_petit.jpg",NULL
"3150","photos/20091307-genpro.jpg","photos/20091307-genpro_grand.jpg",NULL,NULL,NULL,"photos/20091307-genpro_petit.jpg",NULL
"3151","photos/20091307-insurrections.jpg","photos/20091307-insurrections_grand.jpg",NULL,NULL,NULL,"photos/20091307-insurrections_petit.jpg",NULL
"3152","photos/20091507-valeriecoach.jpg","photos/20091507-valeriecoach_grand.jpg",NULL,NULL,NULL,"photos/20091507-valeriecoach_petit.jpg",NULL
"3153","photos/20091607-nars.jpg","photos/20091607-nars_grand.jpg",NULL,NULL,NULL,"photos/20091607-nars_petit.jpg",NULL
"3154","photos/20090807-sauna.jpg","photos/20090807-sauna_grand.jpg",NULL,NULL,NULL,"photos/20090807-sauna_petit.jpg",NULL
"3155","20091607-wiisport.jpg","20091607-wiisport_grand.jpg",NULL,NULL,NULL,"20091607-wiisport_petit.jpg",NULL
"3156","photos/20091907-leonard.jpg","photos/20091907-leonard_grand.jpg",NULL,NULL,NULL,"photos/20091907-leonard_petit.jpg",NULL
"3157","photos/20091607-wiisport.jpg","photos/20091607-wiisport_grand.jpg",NULL,NULL,NULL,"photos/20091607-wiisport_petit.jpg",NULL
"3158","photos/20092107-blowyourlove.jpg","photos/20092107-blowyourlove_grand.jpg",NULL,NULL,NULL,"photos/20092107-blowyourlove_petit.jpg",NULL
"3159","photos/20092107-izia.jpg","photos/20092107-izia_grand.jpg",NULL,NULL,NULL,"photos/20092107-izia_petit.jpg",NULL
"3160","photos/20090108-chereloques.jpg","photos/20090108-chereloques_grand.jpg",NULL,NULL,NULL,"photos/20090108-chereloques_petit.jpg",NULL
"3161","photos/20090108-jilletmarion.jpg","photos/20090108-jilletmarion_grand.jpg",NULL,NULL,NULL,"photos/20090108-jilletmarion_petit.jpg",NULL
"3162","photos/20090108-peoplenews.jpg","photos/20090108-peoplenews_grand.jpg",NULL,NULL,NULL,"photos/20090108-peoplenews_petit.jpg",NULL
"3163","photos/20082505-sexe.jpg","photos/20080206-sexe_grand.jpg",NULL,NULL,NULL,"photos/20080206-sexe_petit.jpg",NULL
"3164","photos/20090707-velouteavocat.jpg","photos/20090707-velouteavocat_grand.jpg",NULL,NULL,NULL,"photos/20090707-velouteavocat_petit.jpg",NULL
"3165","photos/20090208-rockenseine.jpg","photos/20090208-rockenseine_grand.jpg",NULL,NULL,NULL,"photos/20090208-rockenseine_petit.jpg",NULL
"3166","photos/20090208-anorexiques.jpg","photos/20090208-anorexiques_grand.jpg",NULL,NULL,NULL,"photos/20090208-anorexiques_petit.jpg",NULL
"3167","photos/20090208-loveruban.jpg","photos/20090208-loveruban_grand.jpg",NULL,NULL,NULL,"photos/20090208-loveruban_petit.jpg",NULL
"3168","photos/20090208-ipanema.jpg","photos/20090208-ipanema_grand.jpg",NULL,NULL,NULL,"photos/20090208-ipanema_petit.jpg",NULL
"3169","photos/20090308-cookingarden.jpg","photos/20090308-cookingarden_grand.jpg",NULL,NULL,NULL,"photos/20090308-cookingarden_petit.jpg",NULL
"3170","photos/20090308-senegal.jpg","photos/20090308-senegal_grand.jpg",NULL,NULL,NULL,"photos/20090308-senegal_petit.jpg",NULL
"3171","photos/20090308-publibienetre.jpg","photos/20090308-publibienetre_grand.jpg",NULL,NULL,NULL,"photos/20090308-publibienetre_petit.jpg",NULL
"3172",NULL,"photos/autourdubienetre-1_grand.jpg",NULL,NULL,NULL,"photos/autourdubienetre-1_petit.jpg",NULL
"3173",NULL,"photos/autourdubienetre-2_grand.jpg",NULL,NULL,NULL,"photos/autourdubienetre-2_petit.jpg",NULL
"3174",NULL,"photos/autourdubienetre-3_grand.jpg",NULL,NULL,NULL,"photos/autourdubienetre-3_petit.jpg",NULL
"3175",NULL,"photos/autourdubienetre-4_grand.jpg",NULL,NULL,NULL,"photos/autourdubienetre-4_petit.jpg",NULL
"3176","photos/20090508-celebremalgremoi.jpg","photos/20090508-celebremalgremoi_grand.jpg",NULL,NULL,NULL,"photos/20090508-celebremalgremoi_petit.jpg",NULL
"3177","photos/20090608-facebook.jpg","photos/20090608-facebook_grand.jpg",NULL,NULL,NULL,"photos/20090608-facebook_petit.jpg",NULL
"3178","photos/sexe.jpg","photos/sexe_grand.jpg",NULL,NULL,NULL,"photos/20071602-sexe_petit.jpg",NULL
"3179","photos/20090708-lovesummer.jpg","photos/20090708-lovesummer_grand.jpg",NULL,NULL,NULL,"photos/20090708-lovesummer_petit.jpg",NULL
"3180","photos/20090708-inlovestories.jpg","photos/20090708-inlovestories_grand.jpg",NULL,NULL,NULL,"photos/20090708-inlovestories_petit.jpg",NULL
"3181","photos/20090708-barrettes.jpg","photos/20090708-barrettes_grand.jpg",NULL,NULL,NULL,"photos/20090708-barrettes_petit.jpg",NULL
"3182","photos/20090908-plantes.jpg","photos/20090908-plantes_grand.jpg",NULL,NULL,NULL,"photos/20090908-plantes_petit.jpg",NULL
"3183","photos/20091008-sextoys.jpg","photos/20091008-sextoys_grand.jpg",NULL,NULL,NULL,"photos/20091008-sextoys_petit.jpg",NULL
"3184","photos/20090708-motsete.jpg","photos/20090708-motsete_grand.jpg",NULL,NULL,NULL,"photos/20090708-motsete_petit.jpg",NULL
"3185","photos/20091208-contrefacon.jpg","photos/20091208-contrefacon_grand.jpg",NULL,NULL,NULL,"photos/20091208-contrefacon_petit.jpg",NULL
"3186","photos/20091308-chapeau.jpg","photos/20091308-chapeau_grand.jpg",NULL,NULL,NULL,"photos/20091308-chapeau_petit.jpg",NULL
"3187","photos/20090708-tourisme.jpg","photos/20090708-tourisme_grand.jpg",NULL,NULL,NULL,"photos/20090708-tourisme_petit.jpg",NULL
"3188","photos/20090508-aperodinatoire.jpg","photos/20090508-aperodinatoire_grand.jpg",NULL,NULL,NULL,"photos/20090508-aperodinatoire_petit.jpg",NULL
"3189","photos/20091408-paindesucre.jpg","photos/20091408-paindesucre_grand.jpg",NULL,NULL,NULL,"photos/20091408-paindesucre_petit.jpg",NULL
"3190","photos/20091408-parfumsete.jpg","photos/20091408-parfumsete_grand.jpg",NULL,NULL,NULL,"photos/20091408-parfumete_petit.jpg",NULL
"3191","photos/20091408-sorbets.jpg","photos/20091408-sorbets_grand.jpg",NULL,NULL,NULL,"photos/20091408-sorbets_petit.jpg",NULL
"3192","photos/20090708-pouf.jpg","photos/20090708-pouf_grand.jpg",NULL,NULL,NULL,"photos/20090708-pouf_petit.jpg",NULL
"3193","photos/20090708-moustiques.jpg","photos/20090708-moustiques_grand.jpg",NULL,NULL,NULL,"photos/20090708-moustiques_petit.jpg",NULL
"3194","photos/20091808-beachvolley.jpg","photos/20091808-beachvolley_grand.jpg",NULL,NULL,NULL,"photos/20091808-beachvolley_petit.jpg",NULL
"3195","photos/20091808-beauteaout.jpg","photos/20091808-beauteaout_grand.jpg",NULL,NULL,NULL,"photos/20091808-beauteaout_petit.jpg",NULL
"3196","photos/20090108-decomarine.jpg","photos/20090108-decomarine_grand.jpg",NULL,NULL,NULL,"photos/20090108-decomarine_petit.jpg",NULL
"3197","photos/20070705-sexeonbeach.jpg","photos/20070705-sexeonbeach_grand.jpg",NULL,NULL,NULL,"photos/20070705-sexeonbeach_petit.jpg",NULL
"3198","photos/20091908-proporta.jpg","photos/20091908-proporta_grand.jpg",NULL,NULL,NULL,"photos/20091908-proporta_petit.jpg",NULL
"3199","photos/20091908-hightechsummer.jpg","photos/20091908-hightechsummer_grand.jpg",NULL,NULL,NULL,"photos/20091908-hightechsummer_petit.jpg",NULL
"3200","photos/20091908-filmssummer.jpg","photos/20091908-filmssummer_grand.jpg",NULL,NULL,NULL,"photos/20091908-filmssummer_petit.jpg",NULL
"3201","photos/20091908-ratp.jpg","photos/20091908-ratp_grand.jpg",NULL,NULL,NULL,"photos/20091908-ratp_petit.jpg",NULL
