/home/www/client/justine75/v3/web/uploads/documents/public/2012/07/photo-couleur-brune-meches-rouges.jpg\n[3812]photo-couleur-brune-mèches-rouges.jpg mis à jour\n/home/www/client/justine75/v3/web/uploads/documents/public/2012/05/coiffure-carree-plongeant-frise.jpg\n[3863]coiffure-carrée-plongeant-frisé.jpg mis à jour\n/home/www/client/justine75/v3/web/uploads/documents/public/2013/04/cheveux-electriques.jpg\n[4022]cheveux-électriques.jpg mis à jour\n/home/www/client/justine75/v3/web/uploads/documents/public/2012/12/coupe-mi-longue-afro-cheveux-frises.jpg\n[4170]coupe-mi-longue-afro-cheveux-frisés.jpg mis à jour\n[3303]maillotzoo&co.jpg en double\n[3626]coupe-mi-longue-bouclée-afro.jpg en double\n[3707]coupe-mi-longue-bouclée-afro.jpg en double\n[3864]coiffure-carrée-plongeant-frisé.jpg en double\n[3950]coiffure-bouclée.jpg en double\n[4088]cheveux-électriques.jpg en double\n/home/www/client/justine75/v3/web/uploads/documents/public/2013/01/bruns-1.jpg\n[4199]coiffure-bouclée.jpg en double\n[4214]coiffure-bouclée.jpg en double\n/home/www/client/justine75/v3/web/uploads/documents/public/2013/01/cheveux-longs-frises.jpg\n/home/www/client/justine75/v3/web/uploads/documents/public/2012/12/3-1.jpg\n[4295]bruns(1).jpg en double\n[4327]coiffure-carrée-plongeant-frisé.jpg en double\n[4328]coupe-dégradé-long-mèche-balayée-sur-le-front.jpg mis à jour > coupe-degrade-long-meche-balayee-sur-le-front.jpg\n[4390]bruns(1).jpg en double\n[4424]coupe-dégradée-cheveux-blond-clair-photo.jpg mis à jour > coupe-degradee-cheveux-blond-clair-photo.jpg\n[4441]cheveux-longs-méché-blond.jpg mis à jour > cheveux-longs-meche-blond.jpg\n[4485]3(1).jpg en double\n[4644]cheveux-longs-frisés.jpg en double\n[4669]coiffure-carrée-plongeant-frisé.jpg en double\n[4670]coupe-dégradée-5.jpg mis à jour > coupe-degradee-5.jpg\n[4671]coupe-destructurée.jpg mis à jour > coupe-destructuree.jpg\n[4828]photo-couleur-brune-mèches-rouges.jpg en double\n[4829]photo-couleur-brune-mèches-rouges.jpg en double\n[4830]2(1).jpg mis à jour > 2-1.jpg\n[4851]2(1).jpg en double\n[4913]2(1).jpg en double\n[4914]bruns(1).jpg en double\n[4970]carré-plongeant-long-2.jpg mis à jour > carre-plongeant-long-2.jpg\n[4971]coupe-carrée-aux-épaules-frange-droite.jpg mis à jour > coupe-carree-aux-epaules-frange-droite.jpg\n[4988]carré-destructuré.jpg mis à jour > carre-destructure.jpg\n[5025]coiffure-bouclée.jpg en double\n[5027]coupe-dégradé-long-mèche-balayée-sur-le-front.jpg en double\n[5028]coupe-mi-longue-bouclée-afro.jpg en double\n[5032]coupe-dégradée-5.jpg en double\n[5058]cheveux-mi-longs-coiffure-bouclée-glamour.jpg mis à jour > cheveux-mi-longs-coiffure-bouclee-glamour.jpg\n[5218]coupe-destructurée.jpg en double\n[5220]mèches-miel.jpg mis à jour > meches-miel.jpg\n[5221]carré.jpg mis à jour > carre.jpg\n[5276]3(1).jpg en double\n[5277]cheveux-longs-méché-blond.jpg en double\n[5328]coupe-mi-longue-afro-cheveux-frisés.jpg en double\n[5329]coupe-carrée-aux-épaules-frange-droite.jpg en double\n[5331]bruns(1).jpg en double\n[5384]bruns(1).jpg en double\n[5391]bruns(1).jpg en double\n[5412]cheveux-longs-frisés.jpg en double\n[5549]photo-coiffure-bouclée-au-fer-à-friser.jpg mis à jour > photo-coiffure-bouclee-au-fer-a-friser.jpg\n[5590]coiffure-bouclée.jpg en double\n[5685]festi-2011-head-band-(2).jpg mis à jour > festi-2011-head-band-2.jpg\n[5686]coiffure-bouclée.jpg en double\n[5687]cheveux-électriques.jpg en double\n[5689]crayon-contour-des-yeux-bourjois-khol-contour-16h-bronze-raffiné-79-couleur.jpg mis à jour > crayon-contour-des-yeux-bourjois-khol-contour-16h-bronze-raffine-79-couleur.jpg\n[5695]végétariens.jpeg mis à jour > vegetariens.jpeg\n[15220]Capture d’écran 2013-05-18 à 00.44.15.png mis à jour > 15.png\n[15225]2009.12.02 (163).jpg mis à jour > 02-163.jpg\n[15324]111 506.jpg mis à jour > 111-506.jpg\n[15426]Lucile Woodward coach sportif chroniqueuse.jpg mis à jour > lucile-woodward-coach-sportif-chroniqueuse.jpg\n[15439]chignon-mariée.jpg mis à jour > chignon-marie-e.jpg\n[15441]Capture d’écran 2013-05-31 à 08.08.59.png mis à jour > 59.png\n[15482]déco.jpeg mis à jour > de-co.jpeg\n[15548]julien L0ko.jpeg mis à jour > julien-l0ko.jpeg\n[15564]miley cyrus.jpg mis à jour > miley-cyrus.jpg\n[15568]lucky days kookai image trucdenana.jpg mis à jour > lucky-days-kookai-image-trucdenana.jpg\n[15570]maillots bain 2013.jpg mis à jour > maillots-bain-2013.jpg\n[15593]KRISPROLLS BRIOCHE-rosesables.jpg mis à jour > krisprolls-brioche-rosesables.jpg\n[15629]femme parfaite.jpg mis à jour > femme-parfaite.jpg\n[15677]KRISPROLLS BRIOCHE_Recette Charlotte aux fraises(c)Guy Renaux.jpg mis à jour > krisprolls-brioche-recette-charlotte-aux-fraises-c-guy-renaux.jpg\n[15692]Caroline Vigneaux 4 BD - Photo © Sylvain Gripoix.jpg mis à jour > caroline-vigneaux-4-bd-photo-sylvain-gripoix.jpg\n[15693]40x60 Caroline Vigneaux - Comedie.jpg mis à jour > 40x60-caroline-vigneaux-comedie.jpg\n[15706]Vache qui rit.jpg mis à jour > vache-qui-rit.jpg\n[15710]le sparkk.jpg mis à jour > le-sparkk.jpg\n[15744]Genital Warts-300x250.jpg mis à jour > genital-warts-300x250.jpg\n[16342]peau-sèche.jpg mis à jour > peau-se-che.jpg\n[16379]Capture d’écran 2013-06-25 à 18.03.55.png mis à jour > 55.png\n[16381]33%_Devils_Elbow_Cairnwell_Pass_large.jpg mis à jour > 33-devils-elbow-cairnwell-pass-large.jpg\n[16384]Capture d’écran 2013-06-26 à 10.01.23.png mis à jour > 23.png\n[16397]Capture d’écran 2013-06-27 à 09.53.27.png mis à jour > 27.png\n[16448]boite de rangement 12 compartiments shoji.jpg mis à jour > boite-de-rangement-12-compartiments-shoji.jpg\n[16449]banc et pouf rangement maisons du monde.jpg mis à jour > banc-et-pouf-rangement-maisons-du-monde.jpg\n[16454]Algot Ikea meuble rangement.jpg mis à jour > algot-ikea-meuble-rangement.jpg\n[16455]coffre perouse habitat.png mis à jour > coffre-perouse-habitat.png\n[16456]porte chaussure la redoute.jpg mis à jour > porte-chaussure-la-redoute.jpg\n[16457]table basse "de la maison".jpg mis à jour > table-basse-de-la-maison.jpg\n[16459]tiroir rangement.jpg mis à jour > tiroir-rangement.jpg\n[16460]armoire pharmacie openenville.jpg mis à jour > armoire-pharmacie-openenville.jpg\n[16497]robes-témoins-mariage.jpg mis à jour > robes-te-moins-mariage.jpg\n[16498]diner de filles.png mis à jour > diner-de-filles.png\n[16505]Cooltab 80.jpeg mis à jour > cooltab-80.jpeg\n[16517]Capture d’écran 2013-07-01 à 16.19.51.png mis à jour > 51.png\n[16525]Capture d’écran 2013-07-01 à 19.47.47.png mis à jour > 47.png\n[16535]Capture d’écran 2013-07-02 à 15.56.09.png mis à jour > 09.png\n[16538]Capture d’écran 2013-07-02 à 17.31.42.png mis à jour > 42.png\n[16555]Capture d’écran 2013-07-03 à 15.54.19.png mis à jour > 19.png\n[16571]Capture d’écran 2013-07-04 à 08.19.39.png mis à jour > 39.png\n[16575]LeCoqSportif 18.jpg mis à jour > lecoqsportif-18.jpg\n[16576]LeCoqSportif 3.jpg mis à jour > lecoqsportif-3.jpg\n[16587]Corse du sud.jpg mis à jour > corse-du-sud.jpg\n[16594]Capture d’écran 2013-07-05 à 09.04.56.png mis à jour > 56.png\n[16626]Capture d’écran 2013-07-08 à 15.18.07.png mis à jour > 07.png\n[16668]feu d'artifie.jpg mis à jour > feu-d-artifie.jpg\n[16677]Capture d’écran 2013-07-10 à 22.17.40.png mis à jour > 40.png\n[16725]DVD 90210 SAISON4.jpg mis à jour > dvd-90210-saison4.jpg\n[16765]bronzette 230E.jpg mis à jour > bronzette-230e.jpg\n[16785]hairbox tie and dye miel.jpg mis à jour > hairbox-tie-and-dye-miel.jpg\n[16786]coupe mi-longue bouclée afro.jpg mis à jour > coupe-mi-longue-bouclee-afro.jpg\n[16787]101129153907_cheveux_boucles_bruns(1).jpg mis à jour > 101129153907-cheveux-boucles-bruns-1.jpg\n[16788]laver ses cheveux tous les jours.jpg mis à jour > laver-ses-cheveux-tous-les-jours.jpg\n[16793]JJ4_crédit photo Mason Poole.jpg mis à jour > jj4-credit-photo-mason-poole.jpg\n[16794]joyce-jonathan-mason Poole.jpg mis à jour > joyce-jonathan-mason-poole.jpg\n[16820]Sad+young+woman.jpg mis à jour > sad-young-woman.jpg\n[16873]Capture d’écran 2013-07-25 à 16.41.52.png mis à jour > 52.png\n[16951]Capture d’écran 2013-05-31 à 08.08.59.png en double\n[16973]Montre Go Girl Only - Joyce Jonathan.jpg mis à jour > montre-go-girl-only-joyce-jonathan.jpg\n[17035]scones muesli.jpg mis à jour > scones-muesli.jpg\n[17040]dispute-mère-fille.jpeg mis à jour > dispute-me-re-fille.jpeg\n[17041]Pubertät-Kommunikation-Teenager.jpg mis à jour > puberta-t-kommunikation-teenager.jpg\n[17058]long 58.jpg mis à jour > long-58.jpg\n[17059]coupe carré frange asymétrique.jpg mis à jour > coupe-carre-frange-asymetrique.jpg\n[17073]Capture d’écran 2013-08-06 à 15.42.56.png mis à jour > 56.png\n[17133]Capture d’écran 2013-08-08 à 09.16.36.png mis à jour > 36.png\n[17142]fashion bijoux_slider.jpg mis à jour > fashion-bijoux-slider.jpg\n[17193]woman on the beach.jpg mis à jour > woman-on-the-beach.jpg\n[17241]jeu seduction.jpg mis à jour > jeu-seduction.jpg\n[17243]chaise longue.jpg mis à jour > chaise-longue.jpg\n[17244]chaise longue.jpg en double\n[17246]lubie minceur thigh gap.jpg mis à jour > lubie-minceur-thigh-gap.jpg\n[17282]pantalon nike sculpt.jpg mis à jour > pantalon-nike-sculpt.jpg\n[17330]John Newman.jpg mis à jour > john-newman.jpg\n[17332]John Newman-slider.jpg mis à jour > john-newman-slider.jpg\n[17355]selectionpeauhydratation_é.jpg mis à jour > selectionpeauhydratation-e.jpg\n[17367]coupe courte tendance 2013 2014rock.jpg mis à jour > coupe-courte-tendance-2013-2014rock.jpg\n[17411]anna hathaway.png mis à jour > anna-hathaway.png\n[17412]effaclar-la roche posay.png mis à jour > effaclar-la-roche-posay.png\n[17423]la nostagie heureuse.jpg mis à jour > la-nostagie-heureuse.jpg\n[17425]femme qui lit.jpg mis à jour > femme-qui-lit.jpg\n[17459]brioche rapide.jpg mis à jour > brioche-rapide.jpg\n[17465]Capture d’écran 2013-07-02 à 17.31.42.png en double\n[17491]grit series.jpg mis à jour > grit-series.jpg\n[17492]rentrée.jpg mis à jour > rentree.jpg\n[17736]fille ordi.jpg mis à jour > fille-ordi.jpg\n[17739]femme ordi.jpg mis à jour > femme-ordi.jpg\n[17796]coup de pied.jpg mis à jour > coup-de-pied.jpg\n[17808]38. Ironman AIX 70.3.jpg mis à jour > 3.jpg\n[17852]GENERIK-Trucs de nana.jpg mis à jour > generik-trucs-de-nana.jpg\n[17855]vide dressing ju ok.jpg mis à jour > vide-dressing-ju-ok.jpg\n[17866]koki 4,90E.jpg mis à jour > koki-4-90e.jpg\n[17868]nars 20E.jpg mis à jour > nars-20e.jpg\n[17874]bee=nefit.jpg mis à jour > bee-nefit.jpg\n[17876]ciaté.jpg mis à jour > ciate.jpg\n[17914]coiffure bouclée.jpg mis à jour > coiffure-bouclee.jpg\n[17934]bon plan dlab bossteur energie.jpg mis à jour > bon-plan-dlab-bossteur-energie.jpg\n[17998]nana triste.jpg mis à jour > nana-triste.jpg\n[18001]salade de fruits.png mis à jour > salade-de-fruits.png\n[18042]conçu_pour_vous.png mis à jour > conc-u-pour-vous.png\n[18051]actrice parapluie.png mis à jour > actrice-parapluie.png\n[18076]Pieces 109.95€.jpg mis à jour > 95.jpg\n[18077]sorcière.jpg mis à jour > sorcie-re.jpg\n[18079]sorcière-bon plan.png mis à jour > sorcie-re-bon-plan.png\n[18093]fille triste.png mis à jour > fille-triste.png\n[18094]adolescente facebook.jpg mis à jour > adolescente-facebook.jpg\n[18096]boots gemo.png mis à jour > boots-gemo.png\n[18112]look collégiennes.png mis à jour > look-colle-giennes.png\n[18133]nana triste.jpg en double\n[18157]peace and wool.jpg mis à jour > peace-and-wool.jpg\n[18221]mèches rouge coupe dégradée.jpg mis à jour > meches-rouge-coupe-degradee.jpg\n[18223]chignon jean louis david.jpg mis à jour > chignon-jean-louis-david.jpg\n[18224]coupe de cheveux mi-longue dégradée.jpg mis à jour > coupe-de-cheveux-mi-longue-degradee.jpg\n[18255]femme honteuse.jpg mis à jour > femme-honteuse.jpg\n[18258]AfficheV3 AS3.jpg mis à jour > affichev3-as3.jpg\n[18263]blue navy.jpg mis à jour > blue-navy.jpg\n[18268]coupe longue couleur marron brun.jpg mis à jour > coupe-longue-couleur-marron-brun.jpg\n[18273]Soirée-Filles-2.jpg mis à jour > soire-e-filles-2.jpg\n[18274]sejour linguistique.png mis à jour > sejour-linguistique.png\n[18275]séjour linguistique.png mis à jour > se-jour-linguistique.png\n[18301]jean déchiré.jpg mis à jour > jean-de-chire.jpg\n[18328]les mots qui manquent.jpg mis à jour > les-mots-qui-manquent.jpg\n[18333]andre 155E.jpg mis à jour > andre-155e.jpg\n[18334]asos 87E.jpg mis à jour > asos-87e.jpg\n[18337]gemo 55E.jpg mis à jour > gemo-55e.jpg\n[18338]hm 39,95E.jpg mis à jour > hm-39-95e.jpg\n[18341]latina 70E.jpg mis à jour > latina-70e.jpg\n[18343]mellow yellow 169E.jpg mis à jour > mellow-yellow-169e.jpg\n[18344]minelli 159E.jpg mis à jour > minelli-159e.jpg\n[18347]mustang shoes 75E.jpg mis à jour > mustang-shoes-75e.jpg\n[18349]newlook 40E.jpg mis à jour > newlook-40e.jpg\n[18350]shellys london 100E.jpg mis à jour > shellys-london-100e.jpg\n[18353]zara 119E.jpg mis à jour > zara-119e.jpg\n[18354]zara2 119E.jpg mis à jour > zara2-119e.jpg\n[18360]jennyfer 30E.jpg mis à jour > jennyfer-30e.jpg\n[18385]relooking sdf.png mis à jour > relooking-sdf.png\n[18389]karoline lang robes dresses.png mis à jour > karoline-lang-robes-dresses.png\n[18390]karoline lang - slider.jpg mis à jour > karoline-lang-slider.jpg\n[18392]lena luce slider.jpg mis à jour > lena-luce-slider.jpg\n[18408]beauty tips.jpg mis à jour > beauty-tips.jpg\n[18411]image intereur douillet.jpg mis à jour > image-intereur-douillet.jpg\n[18416]jeté lit léopard.jpg mis à jour > jete-lit-le-opard.jpg\n[18420]image intereur douillet.jpg en double\n[18427]bougies le chat.jpg mis à jour > bougies-le-chat.jpg\n[18431]H&M 14,95€.png mis à jour > h-m-14-95.png\n[18441]Chapeau H&M.png mis à jour > chapeau-h-m.png\n[18443]Look Gothique sur Asos.jpg mis à jour > look-gothique-sur-asos.jpg\n[18471]peau de bête.jpg mis à jour > peau-de-be-te.jpg\n[18478]fille - mal ventre.jpg mis à jour > fille-mal-ventre.jpg\n[18479]noémie lenoir.jpg mis à jour > noe-mie-lenoir.jpg\n[18480]noemie lenoir.jpg mis à jour > noemie-lenoir.jpg\n[18482]coiffure carree plongeant frise.jpg mis à jour > coiffure-carree-plongeant-frise.jpg\n[18509]les décaféinés.jpg mis à jour > les-de-cafe-ine-s.jpg\n[18514]nuit déco.jpg mis à jour > nuit-de-co.jpg\n[18515]nuit déco.jpg en double\n[18520]dinde thanksgiving.jpg mis à jour > dinde-thanksgiving.jpg\n[18583]végétariens.jpeg mis à jour > ve-ge-tariens.jpeg\n[18584]FLORE BONAVENTURA.jpg mis à jour > flore-bonaventura.jpg\n[18678]base lissante.jpg mis à jour > base-lissante.jpg\n[18694]Cadeaux-de-Noël.jpg mis à jour > cadeaux-de-noel.jpg\n[18709]Cellu M6 Intégral Fesse.jpg mis à jour > cellu-m6-inte-gral-fesse.jpg\n[18726]Expo-MasculinMasculin-©-photo-Musée-dOrsay-ParisBouge.com_-545x363.jpg mis à jour > com-545x363.jpg\n[18802]Look Rock TDN.jpg mis à jour > look-rock-tdn.jpg\n[18975]carte de voeux .jpg mis à jour > carte-de-voeux.jpg\n[18982]AK_SS13_RED WEDGE RGB.jpg mis à jour > ak-ss13-red-wedge-rgb.jpg\n[19079]Mon LIVRE PHOTO CEWE_visuel avec logo.png mis à jour > mon-livre-photo-cewe-visuel-avec-logo.png\n[19080]Mon LIVRE PHOTO CEWE_visuel avec logo.png en double\n[19141]sac-louise&gab-noiretblanc.jpg mis à jour > sac-louise-gab-noiretblanc.jpg\n[19142]sac-louise&gab-bleu.jpg mis à jour > sac-louise-gab-bleu.jpg\n[19240]Capture d’écran 2014-01-10 à 10.59.55.png mis à jour > 55.png\n[19248]image-juliegayet-françoishollande.jpg mis à jour > image-juliegayet-francoishollande.jpg\n[19418]Nina-Ricci-Ladurée-370x500.jpg mis à jour > nina-ricci-laduree-370x500.jpg\n[19451]Gel Douche a la Vanille Bio.jpg mis à jour > gel-douche-a-la-vanille-bio.jpg\n[19452]Creme Douche Surgras Lait de Peche.jpg mis à jour > creme-douche-surgras-lait-de-peche.jpg\n[19453]gommage la sultane de saba.jpg mis à jour > gommage-la-sultane-de-saba.jpg\n[19454]exfoliant karite the body shop.jpg mis à jour > exfoliant-karite-the-body-shop.jpg\n[19456]Huile Corps Sous La Douche Nutrition Minute-Peaux Seches et Ternes.jpg mis à jour > huile-corps-sous-la-douche-nutrition-minute-peaux-seches-et-ternes.jpg\n[19457]baume gourmand corps.jpg mis à jour > baume-gourmand-corps.jpg\n[19458]huile precieuse nutritive bio kadalys.png mis à jour > huile-precieuse-nutritive-bio-kadalys.png\n[19459]rosa lisa lush.jpg mis à jour > rosa-lisa-lush.jpg\n[19460]or bio melvita.jpg mis à jour > or-bio-melvita.jpg\n[19461]ultimate man savon kielhs.jpg mis à jour > ultimate-man-savon-kielhs.jpg\n[19533]truc de nanas.jpg mis à jour > truc-de-nanas.jpg\n[19721]Capture d’écran 2014-02-17 à 15.59.17.png mis à jour > 17.png\n[19729]Glossybox_Ecrin_d_amour_Février_2014.jpg mis à jour > glossybox-ecrin-d-amour-fevrier-2014.jpg\n[19734]Capture d’écran 2014-02-21 à 11.31.23.png mis à jour > 23.png\n[19750]Capture d’écran 2014-02-24 à 09.31.43.png mis à jour > 43.png\n[19890]Ellende Generes.jpg mis à jour > ellende-generes.jpg\n[19961]Gamme MGC Paris.jpg mis à jour > gamme-mgc-paris.jpg\n[20022]somatoline-somatoline-cellulite-incrustée-action-intensive.jpg mis à jour > somatoline-somatoline-cellulite-incrustee-action-intensive.jpg\n[20123]Yoga_Tara Stiles_2.jpg mis à jour > yoga-tara-stiles-2.jpg\n[20124]SS14 Reebok Yoga_Tara Stiles_2.jpg mis à jour > ss14-reebok-yoga-tara-stiles-2.jpg\n[20154]devious maids.jpeg mis à jour > devious-maids.jpeg\n[20170]manucure naturelle .jpg mis à jour > manucure-naturelle.jpg\n[20225]ika slider.jpg mis à jour > ika-slider.jpg\n[20226]SITUATION+AMOUREUSE+C+EST+COMPLIQUE.jpg mis à jour > situation-amoureuse-c-est-complique.jpg\n[20229]pile de livres.jpg mis à jour > pile-de-livres.jpg\n[20237] 2014-cosmetiques-perturbateurs-endocriniens.jpg mis à jour > 2014-cosmetiques-perturbateurs-endocriniens.jpg\n[20238]perturbateur endocrinien.jpeg mis à jour > perturbateur-endocrinien.jpeg\n[20246]her .jpg mis à jour > her.jpg\n[20305]Paul&Joecarré.jpg mis à jour > paul-joecarre.jpg\n[20311]airbnbclé.jpg mis à jour > airbnbcle.jpg\n[20375]earcuffcarré.jpg mis à jour > earcuffcarre.jpg\n[20386]femmebiendansson corps.jpg mis à jour > femmebiendansson-corps.jpg\n[20510]naturane-brassière.jpg mis à jour > naturane-brassiere.jpg\n[20514]tennis-h&m.jpg mis à jour > tennis-h-m.jpg\n[20523]sunrise bra.png mis à jour > sunrise-bra.png\n[20593]lucille woodward.jpg mis à jour > lucille-woodward.jpg\n[20607]lisa azuelos.jpg mis à jour > lisa-azuelos.jpg\n[20616]antifatigue-complément alimentaire.jpg mis à jour > antifatigue-complement-alimentaire.jpg\n[20627]brassière-yoga.jpg mis à jour > brassiere-yoga.jpg\n[20639]coupe vent reebok.jpg mis à jour > coupe-vent-reebok.jpg\n[20806]Capture d’écran 2013-07-02 à 17.31.42.png en double\n[20819]debardeur-orijins-carré.jpg mis à jour > debardeur-orijins-carre.jpg\n[20824]Capture d’écran 2013-07-03 à 15.54.19.png en double\n[20873]Djerba-carré.jpg mis à jour > djerba-carre.jpg\n[20875]patère-oiseau-slider.jpg mis à jour > patere-oiseau-slider.jpg\n[20893]Conseil-je souffre.jpg mis à jour > conseil-je-souffre.jpg\n[21058]salade de fruits.png en double\n[21080]manucure vert.jpg mis à jour > manucure-vert.jpg\n[21124]Ego-and-Greed-shoes-Chris-(Cheetah-Pony)-compensees-solestruck.jpg mis à jour > ego-and-greed-shoes-chris-cheetah-pony-compensees-solestruck.jpg\n[21231]jonak-collection-été-2014.jpg mis à jour > jonak-collection-ete-2014.jpg\n[21232]jonak-collection-été-2014.jpg en double\n[21235]jonak-collection-été-2014.jpg en double\n[21249]jonak-collection-été-2014.jpg en double\n[21501]lingerie allaitement envie de fraises.jpg mis à jour > lingerie-allaitement-envie-de-fraises.jpg\n[21503]les ultraviolettes.jpg mis à jour > les-ultraviolettes.jpg\n[21784]femme-maillot-ventre .jpeg mis à jour > femme-maillot-ventre.jpeg\n[21857]Brésil-Coupe-du-Monde-2014.jpg mis à jour > bresil-coupe-du-monde-2014.jpg\n[21970]  .jpg mis à jour > .jpg\n[21997]femme-maillot-ventre .jpeg en double\n[21998]on a failli.jpg mis à jour > on-a-failli.jpg\n[22055]tasse-brésil.jpg mis à jour > tasse-bresil.jpg\n[22060]ananas-h&m.jpg mis à jour > ananas-h-m.jpg\n[22256]femme-maillot-ventre .jpeg en double\n[22286]cartable-soirée.jpg mis à jour > cartable-soiree.jpg\n[22287]soirée-examen-after.jpg mis à jour > soiree-examen-after.jpg\n[22429]Look-fête-nationale.jpg mis à jour > look-fete-nationale.jpg\n